id,campaign_id,publisher_id,inventory_segment_id,timestamp,device_type,country,content_category,request_status,failure_reason
801,1045,302,410,2026-06-22T15:48:00,HbbTV,CH,Sports,failed,targeting_mismatch
802,1045,302,404,2026-06-22T15:43:00,HbbTV,AT,Entertainment,failed,targeting_mismatch
803,1049,301,401,2026-06-23T02:14:00,CTV,DE,Sports,eligible,
804,1049,301,402,2026-06-16T11:15:00,CTV,DE,Entertainment,eligible,
805,1045,302,410,2026-06-19T19:48:00,HbbTV,CH,Sports,failed,targeting_mismatch
806,1048,303,407,2026-06-23T06:38:00,Mobile,SE,Gaming,failed,device_targeting_mismatch
807,1045,302,410,2026-06-20T06:17:00,HbbTV,CH,Sports,failed,targeting_mismatch
808,1046,302,405,2026-06-15T10:29:00,SetTopBox,AT,Lifestyle,eligible,
809,1048,303,407,2026-06-23T10:16:00,Mobile,SE,Gaming,failed,device_targeting_mismatch
810,1046,301,402,2026-06-21T02:48:00,CTV,DE,Entertainment,eligible,
811,1045,301,402,2026-06-16T11:51:00,CTV,DE,Entertainment,failed,targeting_mismatch
812,1048,303,408,2026-06-23T20:08:00,CTV,NO,News,eligible,
813,1046,302,405,2026-06-23T16:54:00,SetTopBox,AT,Lifestyle,failed,frequency_cap_exceeded
814,1047,302,405,2026-06-18T19:50:00,SetTopBox,AT,Lifestyle,eligible,
815,1045,302,404,2026-06-15T14:38:00,HbbTV,AT,Entertainment,failed,targeting_mismatch
816,1047,302,405,2026-06-20T07:51:00,SetTopBox,AT,Lifestyle,eligible,
817,1046,302,405,2026-06-21T13:47:00,SetTopBox,AT,Lifestyle,failed,frequency_cap_exceeded
818,1045,302,404,2026-06-19T11:07:00,HbbTV,AT,Entertainment,failed,targeting_mismatch
819,1047,303,407,2026-06-19T21:20:00,Mobile,SE,Gaming,failed,shared_inventory_consumed_by_high_priority_campaign
820,1046,301,402,2026-06-15T18:25:00,CTV,DE,Entertainment,failed,frequency_cap_exceeded
821,1048,303,406,2026-06-23T06:35:00,CTV,SE,Entertainment,eligible,
822,1045,301,401,2026-06-22T00:10:00,CTV,DE,Sports,eligible,
823,1047,301,409,2026-06-21T14:27:00,Desktop,DE,Finance,eligible,
824,1047,303,407,2026-06-21T23:02:00,Mobile,SE,Gaming,eligible,
825,1046,302,404,2026-06-18T02:52:00,HbbTV,AT,Entertainment,eligible,
826,1046,301,402,2026-06-19T10:15:00,CTV,DE,Entertainment,eligible,
827,1045,302,410,2026-06-18T06:49:00,HbbTV,CH,Sports,failed,targeting_mismatch
828,1047,302,405,2026-06-17T18:31:00,SetTopBox,AT,Lifestyle,failed,shared_inventory_consumed_by_high_priority_campaign
829,1045,301,401,2026-06-15T10:23:00,CTV,DE,Sports,eligible,
830,1045,301,402,2026-06-16T14:56:00,CTV,DE,Entertainment,failed,targeting_mismatch
831,1045,302,410,2026-06-15T03:57:00,HbbTV,CH,Sports,failed,targeting_mismatch
832,1047,303,407,2026-06-23T09:18:00,Mobile,SE,Gaming,eligible,
833,1046,301,402,2026-06-22T01:25:00,CTV,DE,Entertainment,eligible,
834,1046,302,405,2026-06-16T01:06:00,SetTopBox,AT,Lifestyle,eligible,
835,1048,303,407,2026-06-23T23:52:00,Mobile,SE,Gaming,failed,device_targeting_mismatch
836,1046,302,404,2026-06-20T20:03:00,HbbTV,AT,Entertainment,eligible,
837,1047,302,405,2026-06-15T21:27:00,SetTopBox,AT,Lifestyle,eligible,
838,1045,302,404,2026-06-19T20:32:00,HbbTV,AT,Entertainment,failed,targeting_mismatch
839,1049,301,401,2026-06-19T16:50:00,CTV,DE,Sports,eligible,
840,1048,303,407,2026-06-22T23:50:00,Mobile,SE,Gaming,failed,device_targeting_mismatch
841,1045,302,410,2026-06-20T23:17:00,HbbTV,CH,Sports,failed,targeting_mismatch
842,1049,301,402,2026-06-16T12:57:00,CTV,DE,Entertainment,eligible,
843,1045,302,404,2026-06-16T11:37:00,HbbTV,AT,Entertainment,failed,targeting_mismatch
844,1048,303,406,2026-06-22T16:41:00,CTV,SE,Entertainment,eligible,
845,1045,301,402,2026-06-15T23:29:00,CTV,DE,Entertainment,failed,targeting_mismatch
846,1045,302,410,2026-06-19T04:51:00,HbbTV,CH,Sports,failed,targeting_mismatch
847,1046,302,404,2026-06-20T20:15:00,HbbTV,AT,Entertainment,failed,frequency_cap_exceeded
848,1045,302,410,2026-06-20T03:51:00,HbbTV,CH,Sports,failed,targeting_mismatch
849,1045,302,404,2026-06-15T20:51:00,HbbTV,AT,Entertainment,failed,targeting_mismatch
850,1046,302,405,2026-06-23T11:27:00,SetTopBox,AT,Lifestyle,eligible,
851,1045,302,410,2026-06-23T17:14:00,HbbTV,CH,Sports,failed,targeting_mismatch
852,1046,301,402,2026-06-21T10:47:00,CTV,DE,Entertainment,eligible,
853,1046,301,402,2026-06-19T14:46:00,CTV,DE,Entertainment,eligible,
854,1047,302,405,2026-06-20T22:51:00,SetTopBox,AT,Lifestyle,eligible,
855,1048,303,406,2026-06-22T18:12:00,CTV,SE,Entertainment,eligible,
856,1047,303,407,2026-06-19T19:03:00,Mobile,SE,Gaming,eligible,
857,1045,302,404,2026-06-19T19:26:00,HbbTV,AT,Entertainment,failed,targeting_mismatch
858,1048,303,407,2026-06-22T22:30:00,Mobile,SE,Gaming,failed,device_targeting_mismatch
859,1047,301,409,2026-06-21T07:27:00,Desktop,DE,Finance,eligible,
860,1047,303,407,2026-06-16T21:37:00,Mobile,SE,Gaming,eligible,
861,1045,301,401,2026-06-17T14:43:00,CTV,DE,Sports,eligible,
862,1045,302,404,2026-06-22T07:21:00,HbbTV,AT,Entertainment,failed,targeting_mismatch
863,1048,303,407,2026-06-23T04:12:00,Mobile,SE,Gaming,failed,device_targeting_mismatch
864,1046,302,405,2026-06-16T14:41:00,SetTopBox,AT,Lifestyle,eligible,
865,1045,301,401,2026-06-22T11:42:00,CTV,DE,Sports,eligible,
866,1048,303,407,2026-06-23T13:48:00,Mobile,SE,Gaming,failed,device_targeting_mismatch
867,1045,302,410,2026-06-20T12:22:00,HbbTV,CH,Sports,failed,targeting_mismatch
868,1048,303,407,2026-06-23T06:52:00,Mobile,SE,Gaming,failed,device_targeting_mismatch
869,1045,302,404,2026-06-23T14:23:00,HbbTV,AT,Entertainment,failed,targeting_mismatch
870,1048,303,408,2026-06-23T12:01:00,CTV,NO,News,eligible,
871,1047,303,407,2026-06-20T17:48:00,Mobile,SE,Gaming,eligible,
872,1047,303,407,2026-06-16T15:39:00,Mobile,SE,Gaming,eligible,
873,1045,301,401,2026-06-23T14:14:00,CTV,DE,Sports,eligible,
874,1045,302,410,2026-06-15T06:54:00,HbbTV,CH,Sports,failed,targeting_mismatch
875,1045,302,410,2026-06-23T20:59:00,HbbTV,CH,Sports,failed,targeting_mismatch
876,1048,303,408,2026-06-23T09:59:00,CTV,NO,News,eligible,
877,1045,301,401,2026-06-21T02:53:00,CTV,DE,Sports,eligible,
878,1047,303,407,2026-06-23T03:07:00,Mobile,SE,Gaming,eligible,
879,1048,303,406,2026-06-23T01:56:00,CTV,SE,Entertainment,eligible,
880,1046,302,405,2026-06-20T08:16:00,SetTopBox,AT,Lifestyle,failed,frequency_cap_exceeded
881,1049,301,402,2026-06-22T18:31:00,CTV,DE,Entertainment,eligible,
882,1047,301,409,2026-06-19T09:35:00,Desktop,DE,Finance,eligible,
883,1046,302,404,2026-06-18T06:37:00,HbbTV,AT,Entertainment,failed,frequency_cap_exceeded
884,1045,302,404,2026-06-20T17:36:00,HbbTV,AT,Entertainment,failed,targeting_mismatch
885,1047,301,409,2026-06-22T00:11:00,Desktop,DE,Finance,eligible,
886,1048,303,407,2026-06-23T12:52:00,Mobile,SE,Gaming,failed,device_targeting_mismatch
887,1046,301,402,2026-06-20T13:54:00,CTV,DE,Entertainment,eligible,
888,1046,302,405,2026-06-21T15:09:00,SetTopBox,AT,Lifestyle,eligible,
889,1046,302,404,2026-06-15T19:54:00,HbbTV,AT,Entertainment,failed,frequency_cap_exceeded
890,1045,301,401,2026-06-17T23:49:00,CTV,DE,Sports,eligible,
891,1046,301,402,2026-06-18T18:16:00,CTV,DE,Entertainment,eligible,
892,1047,302,405,2026-06-23T21:50:00,SetTopBox,AT,Lifestyle,eligible,
893,1045,302,410,2026-06-21T06:49:00,HbbTV,CH,Sports,failed,targeting_mismatch
894,1047,301,409,2026-06-15T20:12:00,Desktop,DE,Finance,eligible,
895,1049,301,401,2026-06-18T23:03:00,CTV,DE,Sports,eligible,
896,1045,301,401,2026-06-21T17:22:00,CTV,DE,Sports,failed,shared_inventory_consumed_by_high_priority_campaign
897,1047,302,405,2026-06-16T16:27:00,SetTopBox,AT,Lifestyle,eligible,
898,1048,303,406,2026-06-21T01:18:00,CTV,SE,Entertainment,eligible,
899,1047,302,405,2026-06-20T12:40:00,SetTopBox,AT,Lifestyle,failed,shared_inventory_consumed_by_high_priority_campaign
900,1046,301,402,2026-06-20T05:47:00,CTV,DE,Entertainment,failed,frequency_cap_exceeded
901,1047,301,409,2026-06-22T12:27:00,Desktop,DE,Finance,eligible,
902,1048,303,407,2026-06-23T01:08:00,Mobile,SE,Gaming,failed,device_targeting_mismatch
903,1045,302,410,2026-06-20T21:03:00,HbbTV,CH,Sports,failed,targeting_mismatch
904,1047,301,409,2026-06-22T13:37:00,Desktop,DE,Finance,eligible,
905,1045,302,410,2026-06-22T21:50:00,HbbTV,CH,Sports,failed,targeting_mismatch
906,1045,302,404,2026-06-23T03:05:00,HbbTV,AT,Entertainment,failed,targeting_mismatch
907,1045,301,402,2026-06-19T04:22:00,CTV,DE,Entertainment,failed,targeting_mismatch
908,1045,301,401,2026-06-19T15:52:00,CTV,DE,Sports,eligible,
909,1045,301,401,2026-06-17T02:55:00,CTV,DE,Sports,eligible,
910,1046,302,405,2026-06-17T14:37:00,SetTopBox,AT,Lifestyle,eligible,
911,1048,303,408,2026-06-22T04:13:00,CTV,NO,News,eligible,
912,1047,303,407,2026-06-19T17:21:00,Mobile,SE,Gaming,eligible,
913,1048,303,408,2026-06-23T06:51:00,CTV,NO,News,eligible,
914,1047,301,409,2026-06-19T00:07:00,Desktop,DE,Finance,eligible,
915,1046,301,402,2026-06-18T03:39:00,CTV,DE,Entertainment,failed,frequency_cap_exceeded
916,1048,303,408,2026-06-22T22:26:00,CTV,NO,News,eligible,
917,1049,301,402,2026-06-22T16:31:00,CTV,DE,Entertainment,eligible,
918,1045,302,410,2026-06-17T01:26:00,HbbTV,CH,Sports,failed,targeting_mismatch
919,1047,302,405,2026-06-19T01:19:00,SetTopBox,AT,Lifestyle,eligible,
920,1048,303,406,2026-06-22T16:05:00,CTV,SE,Entertainment,eligible,
921,1046,302,404,2026-06-22T06:02:00,HbbTV,AT,Entertainment,failed,frequency_cap_exceeded
922,1047,301,409,2026-06-22T06:00:00,Desktop,DE,Finance,eligible,
923,1045,301,402,2026-06-23T07:17:00,CTV,DE,Entertainment,failed,targeting_mismatch
924,1047,301,409,2026-06-15T12:56:00,Desktop,DE,Finance,eligible,
925,1048,303,406,2026-06-21T17:18:00,CTV,SE,Entertainment,eligible,
926,1048,303,406,2026-06-22T17:30:00,CTV,SE,Entertainment,eligible,
927,1046,301,402,2026-06-18T06:17:00,CTV,DE,Entertainment,failed,frequency_cap_exceeded
928,1048,303,407,2026-06-21T04:25:00,Mobile,SE,Gaming,failed,device_targeting_mismatch
929,1049,301,401,2026-06-17T08:50:00,CTV,DE,Sports,eligible,
930,1046,302,404,2026-06-15T17:46:00,HbbTV,AT,Entertainment,failed,frequency_cap_exceeded
931,1045,302,404,2026-06-15T23:00:00,HbbTV,AT,Entertainment,failed,targeting_mismatch
932,1048,303,407,2026-06-21T15:39:00,Mobile,SE,Gaming,failed,device_targeting_mismatch
933,1045,301,401,2026-06-16T07:51:00,CTV,DE,Sports,eligible,
934,1049,301,403,2026-06-17T17:28:00,HbbTV,DE,News,eligible,
935,1048,303,407,2026-06-22T23:15:00,Mobile,SE,Gaming,failed,device_targeting_mismatch
936,1046,301,402,2026-06-20T23:32:00,CTV,DE,Entertainment,failed,frequency_cap_exceeded
937,1045,301,401,2026-06-18T17:25:00,CTV,DE,Sports,eligible,
938,1047,301,409,2026-06-15T05:23:00,Desktop,DE,Finance,eligible,
939,1046,301,402,2026-06-19T22:10:00,CTV,DE,Entertainment,eligible,
940,1045,302,404,2026-06-17T08:55:00,HbbTV,AT,Entertainment,failed,targeting_mismatch
941,1046,302,405,2026-06-22T18:45:00,SetTopBox,AT,Lifestyle,failed,frequency_cap_exceeded
942,1047,301,409,2026-06-19T05:03:00,Desktop,DE,Finance,eligible,
943,1046,301,402,2026-06-15T15:58:00,CTV,DE,Entertainment,eligible,
944,1045,302,404,2026-06-20T14:57:00,HbbTV,AT,Entertainment,failed,targeting_mismatch
945,1045,301,401,2026-06-21T04:03:00,CTV,DE,Sports,eligible,
946,1045,302,404,2026-06-21T19:46:00,HbbTV,AT,Entertainment,failed,targeting_mismatch
947,1045,301,402,2026-06-19T03:42:00,CTV,DE,Entertainment,failed,targeting_mismatch
948,1049,301,403,2026-06-22T20:38:00,HbbTV,DE,News,eligible,
949,1047,301,409,2026-06-18T19:44:00,Desktop,DE,Finance,eligible,
950,1048,303,408,2026-06-22T20:10:00,CTV,NO,News,eligible,
951,1048,303,407,2026-06-22T08:03:00,Mobile,SE,Gaming,failed,device_targeting_mismatch
952,1045,301,402,2026-06-21T10:27:00,CTV,DE,Entertainment,failed,targeting_mismatch
953,1045,301,401,2026-06-20T20:03:00,CTV,DE,Sports,eligible,
954,1046,301,402,2026-06-18T13:48:00,CTV,DE,Entertainment,failed,frequency_cap_exceeded
955,1049,301,403,2026-06-22T21:55:00,HbbTV,DE,News,eligible,
956,1049,301,401,2026-06-19T04:19:00,CTV,DE,Sports,eligible,
957,1045,301,401,2026-06-23T11:41:00,CTV,DE,Sports,eligible,
958,1047,302,405,2026-06-17T23:41:00,SetTopBox,AT,Lifestyle,eligible,
959,1048,303,408,2026-06-23T00:07:00,CTV,NO,News,failed,shared_inventory_consumed_by_high_priority_campaign
960,1045,301,401,2026-06-16T05:27:00,CTV,DE,Sports,eligible,
961,1046,301,402,2026-06-15T03:42:00,CTV,DE,Entertainment,failed,frequency_cap_exceeded
962,1046,301,402,2026-06-21T22:48:00,CTV,DE,Entertainment,failed,frequency_cap_exceeded
963,1048,303,408,2026-06-21T07:40:00,CTV,NO,News,eligible,
964,1046,301,402,2026-06-16T19:59:00,CTV,DE,Entertainment,failed,frequency_cap_exceeded
965,1046,301,402,2026-06-17T16:51:00,CTV,DE,Entertainment,failed,frequency_cap_exceeded
966,1049,301,402,2026-06-20T17:46:00,CTV,DE,Entertainment,eligible,
967,1047,302,405,2026-06-23T05:21:00,SetTopBox,AT,Lifestyle,eligible,
968,1048,303,407,2026-06-22T05:02:00,Mobile,SE,Gaming,failed,device_targeting_mismatch
969,1045,302,404,2026-06-19T18:32:00,HbbTV,AT,Entertainment,failed,targeting_mismatch
970,1046,301,402,2026-06-20T04:09:00,CTV,DE,Entertainment,failed,frequency_cap_exceeded
971,1048,303,407,2026-06-23T14:46:00,Mobile,SE,Gaming,failed,device_targeting_mismatch
972,1047,303,407,2026-06-19T23:49:00,Mobile,SE,Gaming,eligible,
973,1048,303,407,2026-06-23T11:51:00,Mobile,SE,Gaming,failed,device_targeting_mismatch
974,1047,302,405,2026-06-20T06:53:00,SetTopBox,AT,Lifestyle,eligible,
975,1046,301,402,2026-06-19T00:05:00,CTV,DE,Entertainment,failed,frequency_cap_exceeded
976,1049,301,403,2026-06-16T08:34:00,HbbTV,DE,News,eligible,
977,1048,303,408,2026-06-22T15:38:00,CTV,NO,News,eligible,
978,1046,302,404,2026-06-16T16:01:00,HbbTV,AT,Entertainment,failed,frequency_cap_exceeded
979,1045,302,410,2026-06-22T01:05:00,HbbTV,CH,Sports,failed,targeting_mismatch
980,1049,301,402,2026-06-20T15:18:00,CTV,DE,Entertainment,eligible,
981,1046,301,402,2026-06-23T08:23:00,CTV,DE,Entertainment,eligible,
982,1048,303,407,2026-06-21T11:21:00,Mobile,SE,Gaming,failed,device_targeting_mismatch
983,1047,302,405,2026-06-15T00:00:00,SetTopBox,AT,Lifestyle,eligible,
984,1047,301,409,2026-06-20T15:23:00,Desktop,DE,Finance,eligible,
985,1049,301,402,2026-06-16T17:14:00,CTV,DE,Entertainment,eligible,
986,1045,302,404,2026-06-19T00:54:00,HbbTV,AT,Entertainment,failed,targeting_mismatch
987,1046,302,404,2026-06-20T14:33:00,HbbTV,AT,Entertainment,failed,frequency_cap_exceeded
988,1046,302,405,2026-06-23T17:38:00,SetTopBox,AT,Lifestyle,failed,frequency_cap_exceeded
989,1048,303,407,2026-06-23T07:27:00,Mobile,SE,Gaming,failed,device_targeting_mismatch
990,1045,301,402,2026-06-15T07:10:00,CTV,DE,Entertainment,failed,targeting_mismatch
991,1045,302,404,2026-06-23T16:28:00,HbbTV,AT,Entertainment,failed,targeting_mismatch
992,1045,301,401,2026-06-19T02:14:00,CTV,DE,Sports,eligible,
993,1046,301,402,2026-06-16T15:03:00,CTV,DE,Entertainment,eligible,
994,1045,302,404,2026-06-21T09:11:00,HbbTV,AT,Entertainment,failed,targeting_mismatch
995,1048,303,406,2026-06-21T10:55:00,CTV,SE,Entertainment,failed,shared_inventory_consumed_by_high_priority_campaign
996,1048,303,406,2026-06-23T08:07:00,CTV,SE,Entertainment,eligible,
997,1049,301,403,2026-06-19T09:49:00,HbbTV,DE,News,eligible,
998,1049,301,403,2026-06-17T15:15:00,HbbTV,DE,News,eligible,
999,1047,302,405,2026-06-15T07:47:00,SetTopBox,AT,Lifestyle,eligible,
1000,1046,302,404,2026-06-15T19:18:00,HbbTV,AT,Entertainment,eligible,
1001,1047,303,407,2026-06-15T07:12:00,Mobile,SE,Gaming,eligible,
1002,1046,302,405,2026-06-17T10:53:00,SetTopBox,AT,Lifestyle,eligible,
1003,1048,303,408,2026-06-23T17:07:00,CTV,NO,News,eligible,
1004,1045,302,404,2026-06-20T03:47:00,HbbTV,AT,Entertainment,failed,targeting_mismatch
1005,1045,301,402,2026-06-22T19:53:00,CTV,DE,Entertainment,failed,targeting_mismatch
1006,1048,303,406,2026-06-23T19:54:00,CTV,SE,Entertainment,eligible,
1007,1047,302,405,2026-06-16T07:21:00,SetTopBox,AT,Lifestyle,eligible,
1008,1046,301,402,2026-06-19T06:59:00,CTV,DE,Entertainment,eligible,
1009,1045,301,401,2026-06-18T10:46:00,CTV,DE,Sports,eligible,
1010,1047,302,405,2026-06-18T05:05:00,SetTopBox,AT,Lifestyle,eligible,
1011,1047,303,407,2026-06-23T11:28:00,Mobile,SE,Gaming,eligible,
1012,1048,303,408,2026-06-21T17:17:00,CTV,NO,News,eligible,
1013,1048,303,406,2026-06-21T17:32:00,CTV,SE,Entertainment,eligible,
1014,1047,302,405,2026-06-17T10:34:00,SetTopBox,AT,Lifestyle,eligible,
1015,1045,301,402,2026-06-23T21:26:00,CTV,DE,Entertainment,failed,targeting_mismatch
1016,1049,301,403,2026-06-20T12:43:00,HbbTV,DE,News,eligible,
1017,1046,302,404,2026-06-17T23:11:00,HbbTV,AT,Entertainment,eligible,
1018,1045,302,404,2026-06-23T12:11:00,HbbTV,AT,Entertainment,failed,targeting_mismatch
1019,1047,301,409,2026-06-21T17:15:00,Desktop,DE,Finance,eligible,
1020,1047,302,405,2026-06-23T08:45:00,SetTopBox,AT,Lifestyle,eligible,
1021,1047,303,407,2026-06-22T07:28:00,Mobile,SE,Gaming,eligible,
1022,1048,303,406,2026-06-21T06:38:00,CTV,SE,Entertainment,eligible,
1023,1048,303,406,2026-06-22T09:15:00,CTV,SE,Entertainment,eligible,
1024,1046,302,404,2026-06-23T20:30:00,HbbTV,AT,Entertainment,eligible,
1025,1045,301,402,2026-06-17T08:16:00,CTV,DE,Entertainment,failed,targeting_mismatch
1026,1046,301,402,2026-06-16T16:01:00,CTV,DE,Entertainment,failed,frequency_cap_exceeded
1027,1048,303,406,2026-06-22T10:07:00,CTV,SE,Entertainment,eligible,
1028,1045,301,402,2026-06-23T08:58:00,CTV,DE,Entertainment,failed,targeting_mismatch
1029,1047,302,405,2026-06-21T08:24:00,SetTopBox,AT,Lifestyle,eligible,
1030,1048,303,406,2026-06-22T07:20:00,CTV,SE,Entertainment,eligible,
1031,1045,301,402,2026-06-18T11:00:00,CTV,DE,Entertainment,failed,targeting_mismatch
1032,1046,302,404,2026-06-17T18:49:00,HbbTV,AT,Entertainment,failed,frequency_cap_exceeded
1033,1049,301,402,2026-06-15T12:42:00,CTV,DE,Entertainment,eligible,
1034,1045,301,402,2026-06-16T07:31:00,CTV,DE,Entertainment,failed,targeting_mismatch
1035,1048,303,408,2026-06-22T07:20:00,CTV,NO,News,eligible,
1036,1047,302,405,2026-06-15T00:21:00,SetTopBox,AT,Lifestyle,eligible,
1037,1045,301,402,2026-06-17T07:17:00,CTV,DE,Entertainment,failed,targeting_mismatch
1038,1045,301,401,2026-06-16T01:36:00,CTV,DE,Sports,eligible,
1039,1045,302,410,2026-06-15T16:12:00,HbbTV,CH,Sports,failed,targeting_mismatch
1040,1047,302,405,2026-06-19T18:17:00,SetTopBox,AT,Lifestyle,eligible,
1041,1048,303,406,2026-06-22T23:29:00,CTV,SE,Entertainment,eligible,
1042,1048,303,407,2026-06-21T19:38:00,Mobile,SE,Gaming,failed,device_targeting_mismatch
1043,1047,301,409,2026-06-18T01:56:00,Desktop,DE,Finance,eligible,
1044,1047,302,405,2026-06-20T23:24:00,SetTopBox,AT,Lifestyle,failed,shared_inventory_consumed_by_high_priority_campaign
1045,1045,302,410,2026-06-20T02:39:00,HbbTV,CH,Sports,failed,targeting_mismatch
1046,1049,301,403,2026-06-19T00:07:00,HbbTV,DE,News,eligible,
1047,1048,303,406,2026-06-23T21:27:00,CTV,SE,Entertainment,eligible,
1048,1048,303,407,2026-06-23T07:38:00,Mobile,SE,Gaming,failed,device_targeting_mismatch
1049,1048,303,407,2026-06-22T23:22:00,Mobile,SE,Gaming,failed,device_targeting_mismatch
1050,1049,301,403,2026-06-20T03:18:00,HbbTV,DE,News,eligible,
1051,1047,303,407,2026-06-20T07:28:00,Mobile,SE,Gaming,eligible,
1052,1048,303,406,2026-06-23T07:32:00,CTV,SE,Entertainment,failed,shared_inventory_consumed_by_high_priority_campaign
1053,1046,302,405,2026-06-23T09:53:00,SetTopBox,AT,Lifestyle,failed,frequency_cap_exceeded
1054,1047,301,409,2026-06-23T06:34:00,Desktop,DE,Finance,eligible,
1055,1048,303,407,2026-06-22T03:02:00,Mobile,SE,Gaming,failed,device_targeting_mismatch
1056,1046,301,402,2026-06-22T03:32:00,CTV,DE,Entertainment,eligible,
1057,1045,301,401,2026-06-23T04:25:00,CTV,DE,Sports,eligible,
1058,1049,301,403,2026-06-15T15:46:00,HbbTV,DE,News,eligible,
1059,1046,302,404,2026-06-22T14:49:00,HbbTV,AT,Entertainment,eligible,
1060,1045,301,401,2026-06-16T07:54:00,CTV,DE,Sports,eligible,
1061,1046,301,402,2026-06-18T20:20:00,CTV,DE,Entertainment,failed,frequency_cap_exceeded
1062,1045,301,402,2026-06-20T10:45:00,CTV,DE,Entertainment,failed,targeting_mismatch
1063,1046,301,402,2026-06-22T03:14:00,CTV,DE,Entertainment,eligible,
1064,1046,301,402,2026-06-21T20:59:00,CTV,DE,Entertainment,failed,frequency_cap_exceeded
1065,1048,303,408,2026-06-22T05:22:00,CTV,NO,News,eligible,
1066,1045,301,402,2026-06-15T11:19:00,CTV,DE,Entertainment,failed,targeting_mismatch
1067,1048,303,406,2026-06-21T04:42:00,CTV,SE,Entertainment,eligible,
1068,1047,301,409,2026-06-17T23:10:00,Desktop,DE,Finance,eligible,
1069,1046,302,405,2026-06-20T10:20:00,SetTopBox,AT,Lifestyle,eligible,
1070,1046,302,404,2026-06-17T01:39:00,HbbTV,AT,Entertainment,failed,frequency_cap_exceeded
1071,1047,301,409,2026-06-15T22:12:00,Desktop,DE,Finance,eligible,
1072,1047,301,409,2026-06-21T20:43:00,Desktop,DE,Finance,eligible,
1073,1047,302,405,2026-06-18T09:55:00,SetTopBox,AT,Lifestyle,eligible,
1074,1049,301,401,2026-06-18T17:48:00,CTV,DE,Sports,eligible,
1075,1047,303,407,2026-06-18T03:13:00,Mobile,SE,Gaming,eligible,
1076,1045,301,401,2026-06-21T10:04:00,CTV,DE,Sports,eligible,
1077,1045,302,410,2026-06-23T06:17:00,HbbTV,CH,Sports,failed,targeting_mismatch
1078,1049,301,403,2026-06-22T08:44:00,HbbTV,DE,News,eligible,
1079,1049,301,402,2026-06-17T16:13:00,CTV,DE,Entertainment,eligible,
1080,1048,303,408,2026-06-21T21:56:00,CTV,NO,News,eligible,
1081,1046,302,405,2026-06-23T04:24:00,SetTopBox,AT,Lifestyle,eligible,
1082,1045,301,402,2026-06-19T12:42:00,CTV,DE,Entertainment,failed,targeting_mismatch
1083,1045,301,401,2026-06-16T17:14:00,CTV,DE,Sports,eligible,
1084,1047,301,409,2026-06-20T19:37:00,Desktop,DE,Finance,eligible,
1085,1048,303,408,2026-06-22T04:36:00,CTV,NO,News,eligible,
1086,1048,303,407,2026-06-22T20:12:00,Mobile,SE,Gaming,failed,device_targeting_mismatch
1087,1045,302,404,2026-06-20T00:51:00,HbbTV,AT,Entertainment,failed,targeting_mismatch
1088,1046,302,404,2026-06-16T13:41:00,HbbTV,AT,Entertainment,failed,frequency_cap_exceeded
1089,1045,302,410,2026-06-20T16:34:00,HbbTV,CH,Sports,failed,targeting_mismatch
1090,1046,301,402,2026-06-17T12:06:00,CTV,DE,Entertainment,failed,frequency_cap_exceeded
1091,1046,301,402,2026-06-23T17:42:00,CTV,DE,Entertainment,eligible,
1092,1045,301,401,2026-06-18T14:09:00,CTV,DE,Sports,eligible,
1093,1047,303,407,2026-06-18T06:34:00,Mobile,SE,Gaming,eligible,
1094,1048,303,406,2026-06-23T20:29:00,CTV,SE,Entertainment,eligible,
1095,1047,303,407,2026-06-15T01:51:00,Mobile,SE,Gaming,eligible,
1096,1046,301,402,2026-06-16T02:06:00,CTV,DE,Entertainment,failed,shared_inventory_consumed_by_high_priority_campaign
1097,1048,303,407,2026-06-22T17:14:00,Mobile,SE,Gaming,failed,device_targeting_mismatch
1098,1047,302,405,2026-06-22T01:52:00,SetTopBox,AT,Lifestyle,eligible,
1099,1048,303,408,2026-06-22T16:43:00,CTV,NO,News,eligible,
1100,1049,301,402,2026-06-18T05:57:00,CTV,DE,Entertainment,eligible,
1101,1045,302,410,2026-06-19T07:29:00,HbbTV,CH,Sports,failed,targeting_mismatch
1102,1045,302,404,2026-06-18T10:16:00,HbbTV,AT,Entertainment,failed,targeting_mismatch
1103,1047,302,405,2026-06-18T08:10:00,SetTopBox,AT,Lifestyle,eligible,
1104,1049,301,402,2026-06-20T08:56:00,CTV,DE,Entertainment,eligible,
1105,1047,303,407,2026-06-15T20:35:00,Mobile,SE,Gaming,failed,shared_inventory_consumed_by_high_priority_campaign
1106,1049,301,401,2026-06-16T03:12:00,CTV,DE,Sports,eligible,
1107,1048,303,406,2026-06-22T10:08:00,CTV,SE,Entertainment,eligible,
1108,1048,303,408,2026-06-23T23:22:00,CTV,NO,News,eligible,
1109,1048,303,407,2026-06-21T10:24:00,Mobile,SE,Gaming,failed,device_targeting_mismatch
1110,1045,302,404,2026-06-20T21:45:00,HbbTV,AT,Entertainment,failed,targeting_mismatch
1111,1045,302,410,2026-06-16T18:44:00,HbbTV,CH,Sports,failed,targeting_mismatch
1112,1045,302,404,2026-06-21T15:39:00,HbbTV,AT,Entertainment,failed,targeting_mismatch
1113,1049,301,403,2026-06-21T19:47:00,HbbTV,DE,News,eligible,
1114,1047,302,405,2026-06-22T15:04:00,SetTopBox,AT,Lifestyle,eligible,
1115,1045,301,401,2026-06-16T23:13:00,CTV,DE,Sports,eligible,
1116,1048,303,408,2026-06-23T18:49:00,CTV,NO,News,eligible,
1117,1048,303,406,2026-06-21T19:39:00,CTV,SE,Entertainment,eligible,
1118,1046,301,402,2026-06-21T10:04:00,CTV,DE,Entertainment,eligible,
1119,1047,302,405,2026-06-21T20:55:00,SetTopBox,AT,Lifestyle,eligible,
1120,1045,302,410,2026-06-15T17:42:00,HbbTV,CH,Sports,failed,targeting_mismatch
1121,1047,301,409,2026-06-16T08:06:00,Desktop,DE,Finance,eligible,
1122,1045,302,410,2026-06-19T15:52:00,HbbTV,CH,Sports,failed,targeting_mismatch
1123,1048,303,407,2026-06-22T21:47:00,Mobile,SE,Gaming,failed,device_targeting_mismatch
1124,1049,301,402,2026-06-19T20:17:00,CTV,DE,Entertainment,eligible,
1125,1045,302,410,2026-06-21T16:15:00,HbbTV,CH,Sports,failed,targeting_mismatch
1126,1045,302,410,2026-06-21T16:09:00,HbbTV,CH,Sports,failed,targeting_mismatch
1127,1047,302,405,2026-06-15T17:45:00,SetTopBox,AT,Lifestyle,eligible,
1128,1045,301,402,2026-06-15T20:12:00,CTV,DE,Entertainment,failed,targeting_mismatch
1129,1046,302,405,2026-06-21T12:49:00,SetTopBox,AT,Lifestyle,failed,frequency_cap_exceeded
1130,1045,302,410,2026-06-15T23:30:00,HbbTV,CH,Sports,failed,targeting_mismatch
1131,1045,301,402,2026-06-19T12:08:00,CTV,DE,Entertainment,failed,targeting_mismatch
1132,1046,301,402,2026-06-23T09:52:00,CTV,DE,Entertainment,eligible,
1133,1048,303,407,2026-06-22T18:58:00,Mobile,SE,Gaming,failed,device_targeting_mismatch
1134,1048,303,408,2026-06-21T19:30:00,CTV,NO,News,eligible,
1135,1045,302,404,2026-06-18T02:46:00,HbbTV,AT,Entertainment,failed,targeting_mismatch
1136,1045,301,401,2026-06-21T14:23:00,CTV,DE,Sports,eligible,
1137,1047,302,405,2026-06-17T06:37:00,SetTopBox,AT,Lifestyle,eligible,
1138,1045,301,402,2026-06-23T14:59:00,CTV,DE,Entertainment,failed,targeting_mismatch
1139,1045,302,410,2026-06-21T08:28:00,HbbTV,CH,Sports,failed,targeting_mismatch
1140,1046,301,402,2026-06-19T04:06:00,CTV,DE,Entertainment,eligible,
1141,1047,302,405,2026-06-19T10:23:00,SetTopBox,AT,Lifestyle,eligible,
1142,1047,303,407,2026-06-18T09:48:00,Mobile,SE,Gaming,eligible,
1143,1048,303,408,2026-06-21T15:47:00,CTV,NO,News,eligible,
1144,1049,301,403,2026-06-19T22:41:00,HbbTV,DE,News,eligible,
1145,1045,302,410,2026-06-17T14:04:00,HbbTV,CH,Sports,failed,targeting_mismatch
1146,1047,303,407,2026-06-15T23:15:00,Mobile,SE,Gaming,failed,shared_inventory_consumed_by_high_priority_campaign
1147,1046,301,402,2026-06-19T17:52:00,CTV,DE,Entertainment,eligible,
1148,1049,301,401,2026-06-16T06:34:00,CTV,DE,Sports,eligible,
1149,1045,302,404,2026-06-16T12:51:00,HbbTV,AT,Entertainment,failed,targeting_mismatch
1150,1047,303,407,2026-06-17T06:04:00,Mobile,SE,Gaming,eligible,
1151,1047,301,409,2026-06-20T19:20:00,Desktop,DE,Finance,eligible,
1152,1046,302,405,2026-06-19T08:00:00,SetTopBox,AT,Lifestyle,eligible,
1153,1046,302,405,2026-06-19T09:52:00,SetTopBox,AT,Lifestyle,eligible,
1154,1047,301,409,2026-06-20T11:00:00,Desktop,DE,Finance,failed,shared_inventory_consumed_by_high_priority_campaign
1155,1045,301,402,2026-06-17T07:22:00,CTV,DE,Entertainment,failed,targeting_mismatch
1156,1049,301,403,2026-06-16T09:23:00,HbbTV,DE,News,eligible,
1157,1048,303,408,2026-06-21T03:55:00,CTV,NO,News,eligible,
1158,1046,302,404,2026-06-18T09:03:00,HbbTV,AT,Entertainment,eligible,
1159,1045,302,410,2026-06-16T01:25:00,HbbTV,CH,Sports,failed,targeting_mismatch
1160,1046,302,404,2026-06-23T19:37:00,HbbTV,AT,Entertainment,eligible,
1161,1045,302,404,2026-06-21T16:32:00,HbbTV,AT,Entertainment,failed,targeting_mismatch
1162,1046,301,402,2026-06-20T14:34:00,CTV,DE,Entertainment,failed,frequency_cap_exceeded
1163,1045,302,410,2026-06-16T14:34:00,HbbTV,CH,Sports,failed,targeting_mismatch
1164,1046,301,402,2026-06-18T12:44:00,CTV,DE,Entertainment,eligible,
1165,1045,302,404,2026-06-22T10:19:00,HbbTV,AT,Entertainment,failed,targeting_mismatch
1166,1048,303,408,2026-06-22T20:07:00,CTV,NO,News,eligible,
1167,1045,302,404,2026-06-20T18:57:00,HbbTV,AT,Entertainment,failed,targeting_mismatch
1168,1048,303,407,2026-06-21T19:36:00,Mobile,SE,Gaming,failed,device_targeting_mismatch
1169,1045,302,404,2026-06-19T05:50:00,HbbTV,AT,Entertainment,failed,targeting_mismatch
1170,1047,303,407,2026-06-19T22:29:00,Mobile,SE,Gaming,eligible,
1171,1049,301,403,2026-06-20T03:04:00,HbbTV,DE,News,eligible,
1172,1045,301,401,2026-06-17T20:31:00,CTV,DE,Sports,eligible,
1173,1048,303,407,2026-06-23T04:19:00,Mobile,SE,Gaming,failed,device_targeting_mismatch
1174,1047,302,405,2026-06-18T19:50:00,SetTopBox,AT,Lifestyle,eligible,
1175,1048,303,407,2026-06-21T02:07:00,Mobile,SE,Gaming,failed,device_targeting_mismatch
1176,1049,301,403,2026-06-19T10:05:00,HbbTV,DE,News,eligible,
1177,1045,301,402,2026-06-23T00:50:00,CTV,DE,Entertainment,failed,targeting_mismatch
1178,1045,301,401,2026-06-18T10:44:00,CTV,DE,Sports,eligible,
1179,1047,301,409,2026-06-21T18:38:00,Desktop,DE,Finance,eligible,
1180,1045,302,404,2026-06-22T02:26:00,HbbTV,AT,Entertainment,failed,targeting_mismatch
1181,1048,303,406,2026-06-22T17:45:00,CTV,SE,Entertainment,eligible,
1182,1048,303,408,2026-06-22T17:46:00,CTV,NO,News,eligible,
1183,1046,302,404,2026-06-23T19:14:00,HbbTV,AT,Entertainment,eligible,
1184,1049,301,403,2026-06-18T19:54:00,HbbTV,DE,News,eligible,
1185,1045,302,404,2026-06-18T10:54:00,HbbTV,AT,Entertainment,failed,targeting_mismatch
1186,1048,303,406,2026-06-22T15:25:00,CTV,SE,Entertainment,eligible,
1187,1048,303,407,2026-06-22T17:16:00,Mobile,SE,Gaming,failed,device_targeting_mismatch
1188,1048,303,406,2026-06-21T23:45:00,CTV,SE,Entertainment,eligible,
1189,1047,303,407,2026-06-20T10:50:00,Mobile,SE,Gaming,eligible,
1190,1047,302,405,2026-06-21T10:06:00,SetTopBox,AT,Lifestyle,eligible,
1191,1047,303,407,2026-06-18T08:13:00,Mobile,SE,Gaming,eligible,
1192,1048,303,408,2026-06-22T00:24:00,CTV,NO,News,eligible,
1193,1047,303,407,2026-06-19T20:23:00,Mobile,SE,Gaming,eligible,
1194,1045,302,404,2026-06-20T05:41:00,HbbTV,AT,Entertainment,failed,targeting_mismatch
1195,1047,303,407,2026-06-19T04:54:00,Mobile,SE,Gaming,eligible,
1196,1048,303,408,2026-06-21T12:48:00,CTV,NO,News,eligible,
1197,1049,301,403,2026-06-19T04:41:00,HbbTV,DE,News,eligible,
1198,1048,303,406,2026-06-23T00:45:00,CTV,SE,Entertainment,eligible,
1199,1046,302,404,2026-06-16T22:07:00,HbbTV,AT,Entertainment,eligible,
1200,1047,302,405,2026-06-21T04:23:00,SetTopBox,AT,Lifestyle,eligible,
1201,1045,302,410,2026-06-20T10:32:00,HbbTV,CH,Sports,failed,targeting_mismatch
1202,1045,301,401,2026-06-21T17:41:00,CTV,DE,Sports,eligible,
1203,1045,301,402,2026-06-21T11:57:00,CTV,DE,Entertainment,failed,targeting_mismatch
1204,1045,301,401,2026-06-19T05:38:00,CTV,DE,Sports,eligible,
1205,1049,301,401,2026-06-17T22:05:00,CTV,DE,Sports,eligible,
1206,1049,301,402,2026-06-19T15:14:00,CTV,DE,Entertainment,eligible,
1207,1045,301,401,2026-06-21T10:56:00,CTV,DE,Sports,eligible,
1208,1047,301,409,2026-06-15T21:15:00,Desktop,DE,Finance,eligible,
1209,1047,302,405,2026-06-21T04:54:00,SetTopBox,AT,Lifestyle,eligible,
1210,1045,301,401,2026-06-21T23:46:00,CTV,DE,Sports,eligible,
1211,1046,302,404,2026-06-23T06:15:00,HbbTV,AT,Entertainment,eligible,
1212,1048,303,407,2026-06-22T13:09:00,Mobile,SE,Gaming,failed,device_targeting_mismatch
1213,1048,303,408,2026-06-21T03:11:00,CTV,NO,News,eligible,
1214,1045,302,404,2026-06-21T19:04:00,HbbTV,AT,Entertainment,failed,targeting_mismatch
1215,1048,303,407,2026-06-22T09:31:00,Mobile,SE,Gaming,failed,device_targeting_mismatch
1216,1045,301,401,2026-06-20T20:36:00,CTV,DE,Sports,eligible,
1217,1045,301,402,2026-06-18T11:00:00,CTV,DE,Entertainment,failed,targeting_mismatch
1218,1045,301,402,2026-06-23T21:48:00,CTV,DE,Entertainment,failed,targeting_mismatch
1219,1045,302,404,2026-06-20T13:35:00,HbbTV,AT,Entertainment,failed,targeting_mismatch
1220,1048,303,408,2026-06-22T02:27:00,CTV,NO,News,eligible,
1221,1047,302,405,2026-06-22T06:59:00,SetTopBox,AT,Lifestyle,eligible,
1222,1048,303,407,2026-06-22T20:02:00,Mobile,SE,Gaming,failed,device_targeting_mismatch
1223,1046,301,402,2026-06-16T04:16:00,CTV,DE,Entertainment,failed,frequency_cap_exceeded
1224,1048,303,406,2026-06-22T17:03:00,CTV,SE,Entertainment,eligible,
1225,1045,301,401,2026-06-18T16:17:00,CTV,DE,Sports,eligible,
1226,1048,303,407,2026-06-23T03:08:00,Mobile,SE,Gaming,failed,device_targeting_mismatch
1227,1049,301,401,2026-06-22T20:27:00,CTV,DE,Sports,eligible,
1228,1046,301,402,2026-06-21T02:53:00,CTV,DE,Entertainment,failed,frequency_cap_exceeded
1229,1045,301,402,2026-06-19T23:31:00,CTV,DE,Entertainment,failed,targeting_mismatch
1230,1046,302,404,2026-06-21T14:39:00,HbbTV,AT,Entertainment,eligible,
1231,1045,301,402,2026-06-22T00:46:00,CTV,DE,Entertainment,failed,targeting_mismatch
1232,1047,301,409,2026-06-19T05:52:00,Desktop,DE,Finance,eligible,
1233,1048,303,408,2026-06-23T10:55:00,CTV,NO,News,eligible,
1234,1045,301,402,2026-06-22T07:33:00,CTV,DE,Entertainment,failed,targeting_mismatch
1235,1045,302,404,2026-06-15T16:00:00,HbbTV,AT,Entertainment,failed,targeting_mismatch
1236,1049,301,402,2026-06-22T00:48:00,CTV,DE,Entertainment,eligible,
1237,1048,303,407,2026-06-22T17:36:00,Mobile,SE,Gaming,failed,device_targeting_mismatch
1238,1048,303,408,2026-06-23T20:20:00,CTV,NO,News,eligible,
1239,1046,302,404,2026-06-23T08:28:00,HbbTV,AT,Entertainment,failed,frequency_cap_exceeded
1240,1046,301,402,2026-06-16T20:20:00,CTV,DE,Entertainment,eligible,
1241,1048,303,406,2026-06-22T02:44:00,CTV,SE,Entertainment,eligible,
1242,1045,301,401,2026-06-18T00:44:00,CTV,DE,Sports,eligible,
1243,1048,303,406,2026-06-23T02:20:00,CTV,SE,Entertainment,eligible,
1244,1047,301,409,2026-06-15T18:45:00,Desktop,DE,Finance,eligible,
1245,1046,302,404,2026-06-23T12:15:00,HbbTV,AT,Entertainment,eligible,
1246,1047,303,407,2026-06-21T01:03:00,Mobile,SE,Gaming,eligible,
1247,1045,302,404,2026-06-17T06:07:00,HbbTV,AT,Entertainment,failed,targeting_mismatch
1248,1048,303,407,2026-06-22T01:39:00,Mobile,SE,Gaming,failed,device_targeting_mismatch
1249,1048,303,408,2026-06-21T13:30:00,CTV,NO,News,eligible,
1250,1045,301,401,2026-06-19T22:03:00,CTV,DE,Sports,eligible,
1251,1047,301,409,2026-06-19T10:49:00,Desktop,DE,Finance,eligible,
1252,1046,302,404,2026-06-22T11:25:00,HbbTV,AT,Entertainment,failed,frequency_cap_exceeded
1253,1049,301,401,2026-06-15T17:08:00,CTV,DE,Sports,eligible,
1254,1046,302,404,2026-06-19T06:42:00,HbbTV,AT,Entertainment,failed,frequency_cap_exceeded
1255,1048,303,406,2026-06-21T05:32:00,CTV,SE,Entertainment,eligible,
1256,1045,302,410,2026-06-20T19:21:00,HbbTV,CH,Sports,failed,targeting_mismatch
1257,1047,301,409,2026-06-20T17:15:00,Desktop,DE,Finance,eligible,
1258,1049,301,403,2026-06-18T09:38:00,HbbTV,DE,News,eligible,
1259,1048,303,407,2026-06-22T12:04:00,Mobile,SE,Gaming,failed,device_targeting_mismatch
1260,1045,301,401,2026-06-15T01:18:00,CTV,DE,Sports,eligible,
1261,1045,301,402,2026-06-21T23:06:00,CTV,DE,Entertainment,failed,targeting_mismatch
1262,1045,301,402,2026-06-20T20:51:00,CTV,DE,Entertainment,failed,targeting_mismatch
1263,1049,301,402,2026-06-18T11:29:00,CTV,DE,Entertainment,eligible,
1264,1045,302,410,2026-06-17T06:55:00,HbbTV,CH,Sports,failed,targeting_mismatch
1265,1046,301,402,2026-06-21T13:52:00,CTV,DE,Entertainment,failed,frequency_cap_exceeded
1266,1048,303,408,2026-06-21T13:44:00,CTV,NO,News,eligible,
1267,1047,303,407,2026-06-22T15:16:00,Mobile,SE,Gaming,eligible,
1268,1046,302,404,2026-06-22T01:47:00,HbbTV,AT,Entertainment,failed,frequency_cap_exceeded
1269,1045,302,410,2026-06-15T15:16:00,HbbTV,CH,Sports,failed,targeting_mismatch
1270,1045,302,404,2026-06-16T02:08:00,HbbTV,AT,Entertainment,failed,targeting_mismatch
1271,1048,303,407,2026-06-22T12:15:00,Mobile,SE,Gaming,failed,device_targeting_mismatch
1272,1047,302,405,2026-06-23T09:30:00,SetTopBox,AT,Lifestyle,eligible,
1273,1048,303,407,2026-06-23T19:26:00,Mobile,SE,Gaming,failed,device_targeting_mismatch
1274,1047,303,407,2026-06-15T05:38:00,Mobile,SE,Gaming,eligible,
1275,1046,302,404,2026-06-20T22:49:00,HbbTV,AT,Entertainment,eligible,
1276,1045,302,410,2026-06-23T23:49:00,HbbTV,CH,Sports,failed,targeting_mismatch
1277,1047,301,409,2026-06-21T01:34:00,Desktop,DE,Finance,failed,shared_inventory_consumed_by_high_priority_campaign
1278,1049,301,402,2026-06-23T02:36:00,CTV,DE,Entertainment,eligible,
1279,1047,301,409,2026-06-19T21:59:00,Desktop,DE,Finance,eligible,
1280,1048,303,408,2026-06-21T16:47:00,CTV,NO,News,eligible,
1281,1046,302,405,2026-06-18T00:13:00,SetTopBox,AT,Lifestyle,eligible,
1282,1045,301,401,2026-06-20T08:42:00,CTV,DE,Sports,eligible,
1283,1047,302,405,2026-06-19T05:20:00,SetTopBox,AT,Lifestyle,eligible,
1284,1047,301,409,2026-06-16T11:10:00,Desktop,DE,Finance,eligible,
1285,1048,303,406,2026-06-22T00:56:00,CTV,SE,Entertainment,eligible,
1286,1047,302,405,2026-06-19T08:23:00,SetTopBox,AT,Lifestyle,eligible,
1287,1046,301,402,2026-06-21T01:25:00,CTV,DE,Entertainment,failed,frequency_cap_exceeded
1288,1046,302,405,2026-06-21T03:45:00,SetTopBox,AT,Lifestyle,eligible,
1289,1046,301,402,2026-06-23T13:55:00,CTV,DE,Entertainment,failed,frequency_cap_exceeded
1290,1047,303,407,2026-06-16T17:45:00,Mobile,SE,Gaming,eligible,
1291,1048,303,406,2026-06-23T09:03:00,CTV,SE,Entertainment,eligible,
1292,1049,301,401,2026-06-16T07:33:00,CTV,DE,Sports,eligible,
1293,1046,301,402,2026-06-23T09:36:00,CTV,DE,Entertainment,failed,frequency_cap_exceeded
1294,1047,302,405,2026-06-21T22:50:00,SetTopBox,AT,Lifestyle,eligible,
1295,1048,303,406,2026-06-21T22:41:00,CTV,SE,Entertainment,eligible,
1296,1045,302,404,2026-06-16T02:05:00,HbbTV,AT,Entertainment,failed,targeting_mismatch
1297,1046,301,402,2026-06-16T22:27:00,CTV,DE,Entertainment,eligible,
1298,1045,302,404,2026-06-22T01:52:00,HbbTV,AT,Entertainment,failed,targeting_mismatch
1299,1046,302,404,2026-06-19T17:04:00,HbbTV,AT,Entertainment,failed,frequency_cap_exceeded
1300,1048,303,406,2026-06-21T16:12:00,CTV,SE,Entertainment,eligible,
1301,1048,303,407,2026-06-23T12:42:00,Mobile,SE,Gaming,failed,device_targeting_mismatch
1302,1045,301,402,2026-06-15T12:52:00,CTV,DE,Entertainment,failed,targeting_mismatch
1303,1048,303,407,2026-06-23T16:03:00,Mobile,SE,Gaming,failed,device_targeting_mismatch
1304,1048,303,407,2026-06-21T03:14:00,Mobile,SE,Gaming,failed,device_targeting_mismatch
1305,1045,301,402,2026-06-21T06:20:00,CTV,DE,Entertainment,failed,targeting_mismatch
1306,1046,302,404,2026-06-16T10:44:00,HbbTV,AT,Entertainment,eligible,
1307,1047,301,409,2026-06-23T12:29:00,Desktop,DE,Finance,eligible,
1308,1045,301,401,2026-06-15T09:05:00,CTV,DE,Sports,failed,shared_inventory_consumed_by_high_priority_campaign
1309,1046,302,404,2026-06-22T13:32:00,HbbTV,AT,Entertainment,eligible,
1310,1046,302,404,2026-06-23T05:24:00,HbbTV,AT,Entertainment,eligible,
1311,1047,303,407,2026-06-18T03:22:00,Mobile,SE,Gaming,eligible,
1312,1047,302,405,2026-06-16T13:30:00,SetTopBox,AT,Lifestyle,eligible,
1313,1048,303,407,2026-06-22T17:20:00,Mobile,SE,Gaming,failed,device_targeting_mismatch
1314,1048,303,406,2026-06-23T11:01:00,CTV,SE,Entertainment,eligible,
1315,1047,301,409,2026-06-20T05:37:00,Desktop,DE,Finance,eligible,
1316,1045,301,401,2026-06-18T12:51:00,CTV,DE,Sports,eligible,
1317,1045,302,404,2026-06-15T22:18:00,HbbTV,AT,Entertainment,failed,targeting_mismatch
1318,1046,302,404,2026-06-23T20:42:00,HbbTV,AT,Entertainment,failed,frequency_cap_exceeded
1319,1045,302,404,2026-06-16T15:23:00,HbbTV,AT,Entertainment,failed,targeting_mismatch
1320,1045,302,410,2026-06-21T13:24:00,HbbTV,CH,Sports,failed,targeting_mismatch
1321,1045,302,404,2026-06-20T03:59:00,HbbTV,AT,Entertainment,failed,targeting_mismatch
1322,1046,302,405,2026-06-16T13:01:00,SetTopBox,AT,Lifestyle,failed,frequency_cap_exceeded
1323,1049,301,401,2026-06-20T22:09:00,CTV,DE,Sports,eligible,
1324,1049,301,403,2026-06-22T04:13:00,HbbTV,DE,News,eligible,
1325,1048,303,407,2026-06-22T05:02:00,Mobile,SE,Gaming,failed,device_targeting_mismatch
1326,1047,301,409,2026-06-15T09:33:00,Desktop,DE,Finance,eligible,
1327,1046,302,404,2026-06-23T14:03:00,HbbTV,AT,Entertainment,eligible,
1328,1045,302,404,2026-06-15T08:32:00,HbbTV,AT,Entertainment,failed,targeting_mismatch
1329,1045,302,410,2026-06-21T07:37:00,HbbTV,CH,Sports,failed,targeting_mismatch
1330,1049,301,403,2026-06-22T13:43:00,HbbTV,DE,News,eligible,
1331,1046,302,405,2026-06-17T03:41:00,SetTopBox,AT,Lifestyle,eligible,
1332,1046,302,404,2026-06-19T13:22:00,HbbTV,AT,Entertainment,eligible,
1333,1047,302,405,2026-06-20T09:43:00,SetTopBox,AT,Lifestyle,eligible,
1334,1047,301,409,2026-06-21T20:01:00,Desktop,DE,Finance,eligible,
1335,1045,301,402,2026-06-22T07:58:00,CTV,DE,Entertainment,failed,targeting_mismatch
1336,1048,303,407,2026-06-21T17:22:00,Mobile,SE,Gaming,failed,device_targeting_mismatch
1337,1047,302,405,2026-06-17T22:06:00,SetTopBox,AT,Lifestyle,eligible,
1338,1045,302,410,2026-06-15T09:41:00,HbbTV,CH,Sports,failed,targeting_mismatch
1339,1045,301,401,2026-06-18T08:59:00,CTV,DE,Sports,eligible,
1340,1049,301,401,2026-06-17T00:05:00,CTV,DE,Sports,eligible,
1341,1047,301,409,2026-06-20T22:54:00,Desktop,DE,Finance,eligible,
1342,1048,303,408,2026-06-22T16:59:00,CTV,NO,News,eligible,
1343,1049,301,401,2026-06-18T12:54:00,CTV,DE,Sports,eligible,
1344,1045,301,402,2026-06-22T18:36:00,CTV,DE,Entertainment,failed,targeting_mismatch
1345,1048,303,408,2026-06-23T03:02:00,CTV,NO,News,failed,shared_inventory_consumed_by_high_priority_campaign
1346,1047,301,409,2026-06-21T13:45:00,Desktop,DE,Finance,eligible,
1347,1049,301,402,2026-06-16T21:45:00,CTV,DE,Entertainment,eligible,
1348,1045,302,410,2026-06-17T20:47:00,HbbTV,CH,Sports,failed,targeting_mismatch
1349,1046,302,405,2026-06-15T21:51:00,SetTopBox,AT,Lifestyle,eligible,
1350,1045,302,410,2026-06-23T17:11:00,HbbTV,CH,Sports,failed,targeting_mismatch
1351,1045,302,410,2026-06-23T22:54:00,HbbTV,CH,Sports,failed,targeting_mismatch
1352,1045,301,401,2026-06-23T22:47:00,CTV,DE,Sports,eligible,
1353,1046,302,404,2026-06-21T18:04:00,HbbTV,AT,Entertainment,eligible,
1354,1047,301,409,2026-06-18T17:35:00,Desktop,DE,Finance,eligible,
1355,1045,302,410,2026-06-15T17:09:00,HbbTV,CH,Sports,failed,targeting_mismatch
1356,1048,303,406,2026-06-22T16:57:00,CTV,SE,Entertainment,eligible,
1357,1046,302,405,2026-06-20T10:42:00,SetTopBox,AT,Lifestyle,failed,frequency_cap_exceeded
1358,1046,302,404,2026-06-16T20:25:00,HbbTV,AT,Entertainment,failed,shared_inventory_consumed_by_high_priority_campaign
1359,1048,303,407,2026-06-21T21:02:00,Mobile,SE,Gaming,failed,device_targeting_mismatch
1360,1049,301,402,2026-06-15T18:35:00,CTV,DE,Entertainment,eligible,
1361,1046,302,405,2026-06-18T21:32:00,SetTopBox,AT,Lifestyle,eligible,
1362,1046,301,402,2026-06-17T17:52:00,CTV,DE,Entertainment,failed,frequency_cap_exceeded
1363,1047,302,405,2026-06-23T10:31:00,SetTopBox,AT,Lifestyle,eligible,
1364,1048,303,408,2026-06-22T20:45:00,CTV,NO,News,failed,shared_inventory_consumed_by_high_priority_campaign
1365,1048,303,407,2026-06-22T08:44:00,Mobile,SE,Gaming,failed,device_targeting_mismatch
1366,1046,302,405,2026-06-16T10:45:00,SetTopBox,AT,Lifestyle,eligible,
1367,1048,303,407,2026-06-21T11:59:00,Mobile,SE,Gaming,failed,device_targeting_mismatch
1368,1049,301,401,2026-06-20T18:50:00,CTV,DE,Sports,eligible,
1369,1046,302,405,2026-06-23T22:28:00,SetTopBox,AT,Lifestyle,failed,frequency_cap_exceeded
1370,1047,303,407,2026-06-17T15:15:00,Mobile,SE,Gaming,eligible,
1371,1048,303,408,2026-06-22T09:50:00,CTV,NO,News,eligible,
1372,1048,303,406,2026-06-23T20:09:00,CTV,SE,Entertainment,eligible,
1373,1045,302,404,2026-06-17T05:47:00,HbbTV,AT,Entertainment,failed,targeting_mismatch
1374,1047,302,405,2026-06-17T19:47:00,SetTopBox,AT,Lifestyle,eligible,
1375,1046,302,405,2026-06-21T19:33:00,SetTopBox,AT,Lifestyle,failed,frequency_cap_exceeded
1376,1048,303,408,2026-06-23T01:41:00,CTV,NO,News,eligible,
1377,1047,302,405,2026-06-21T18:06:00,SetTopBox,AT,Lifestyle,eligible,
1378,1045,301,402,2026-06-20T17:19:00,CTV,DE,Entertainment,failed,targeting_mismatch
1379,1048,303,407,2026-06-21T03:52:00,Mobile,SE,Gaming,failed,device_targeting_mismatch
1380,1047,301,409,2026-06-16T09:13:00,Desktop,DE,Finance,failed,shared_inventory_consumed_by_high_priority_campaign
1381,1046,301,402,2026-06-18T05:53:00,CTV,DE,Entertainment,eligible,
1382,1045,302,404,2026-06-21T20:20:00,HbbTV,AT,Entertainment,failed,targeting_mismatch
1383,1046,302,405,2026-06-15T09:56:00,SetTopBox,AT,Lifestyle,eligible,
1384,1046,302,404,2026-06-23T21:52:00,HbbTV,AT,Entertainment,eligible,
1385,1045,302,404,2026-06-20T10:19:00,HbbTV,AT,Entertainment,failed,targeting_mismatch
1386,1046,302,405,2026-06-23T11:47:00,SetTopBox,AT,Lifestyle,eligible,
1387,1049,301,402,2026-06-23T02:22:00,CTV,DE,Entertainment,eligible,
1388,1047,303,407,2026-06-17T12:43:00,Mobile,SE,Gaming,eligible,
1389,1048,303,407,2026-06-21T10:51:00,Mobile,SE,Gaming,failed,device_targeting_mismatch
1390,1049,301,401,2026-06-22T08:40:00,CTV,DE,Sports,eligible,
1391,1049,301,401,2026-06-22T13:14:00,CTV,DE,Sports,eligible,
1392,1048,303,407,2026-06-23T03:15:00,Mobile,SE,Gaming,failed,device_targeting_mismatch
1393,1046,301,402,2026-06-22T08:02:00,CTV,DE,Entertainment,failed,frequency_cap_exceeded
1394,1049,301,402,2026-06-19T07:47:00,CTV,DE,Entertainment,eligible,
1395,1047,302,405,2026-06-15T01:46:00,SetTopBox,AT,Lifestyle,eligible,
1396,1046,301,402,2026-06-19T06:53:00,CTV,DE,Entertainment,failed,frequency_cap_exceeded
1397,1048,303,408,2026-06-22T13:28:00,CTV,NO,News,eligible,
1398,1045,302,404,2026-06-15T19:00:00,HbbTV,AT,Entertainment,failed,targeting_mismatch
1399,1048,303,406,2026-06-22T11:52:00,CTV,SE,Entertainment,eligible,
1400,1049,301,402,2026-06-20T11:45:00,CTV,DE,Entertainment,eligible,
1401,1049,301,402,2026-06-21T00:19:00,CTV,DE,Entertainment,eligible,
1402,1049,301,402,2026-06-18T18:09:00,CTV,DE,Entertainment,eligible,
1403,1045,302,410,2026-06-18T09:47:00,HbbTV,CH,Sports,failed,targeting_mismatch
1404,1047,301,409,2026-06-19T15:33:00,Desktop,DE,Finance,eligible,
1405,1045,302,410,2026-06-17T13:37:00,HbbTV,CH,Sports,failed,targeting_mismatch
1406,1047,301,409,2026-06-17T15:53:00,Desktop,DE,Finance,eligible,
1407,1048,303,407,2026-06-21T00:44:00,Mobile,SE,Gaming,failed,device_targeting_mismatch
1408,1047,303,407,2026-06-22T16:20:00,Mobile,SE,Gaming,eligible,
1409,1046,302,405,2026-06-19T14:43:00,SetTopBox,AT,Lifestyle,failed,frequency_cap_exceeded
1410,1046,302,404,2026-06-20T03:50:00,HbbTV,AT,Entertainment,failed,frequency_cap_exceeded
1411,1046,302,405,2026-06-21T23:32:00,SetTopBox,AT,Lifestyle,eligible,
1412,1047,303,407,2026-06-23T13:33:00,Mobile,SE,Gaming,eligible,
1413,1049,301,403,2026-06-18T18:50:00,HbbTV,DE,News,eligible,
1414,1048,303,408,2026-06-22T20:38:00,CTV,NO,News,eligible,
1415,1045,301,402,2026-06-18T16:31:00,CTV,DE,Entertainment,failed,targeting_mismatch
1416,1045,301,401,2026-06-22T08:43:00,CTV,DE,Sports,eligible,
1417,1048,303,406,2026-06-23T21:28:00,CTV,SE,Entertainment,eligible,
1418,1045,302,404,2026-06-23T10:00:00,HbbTV,AT,Entertainment,failed,targeting_mismatch
1419,1048,303,407,2026-06-21T14:14:00,Mobile,SE,Gaming,failed,device_targeting_mismatch
1420,1048,303,408,2026-06-21T03:00:00,CTV,NO,News,eligible,
1421,1049,301,402,2026-06-15T21:42:00,CTV,DE,Entertainment,eligible,
1422,1049,301,401,2026-06-15T01:09:00,CTV,DE,Sports,eligible,
1423,1045,301,402,2026-06-18T19:55:00,CTV,DE,Entertainment,failed,targeting_mismatch
1424,1046,302,404,2026-06-15T04:25:00,HbbTV,AT,Entertainment,eligible,
1425,1046,302,404,2026-06-15T15:12:00,HbbTV,AT,Entertainment,failed,shared_inventory_consumed_by_high_priority_campaign
1426,1047,303,407,2026-06-16T13:30:00,Mobile,SE,Gaming,eligible,
1427,1049,301,401,2026-06-18T13:15:00,CTV,DE,Sports,eligible,
1428,1048,303,408,2026-06-23T17:44:00,CTV,NO,News,eligible,
1429,1046,301,402,2026-06-22T02:52:00,CTV,DE,Entertainment,eligible,
1430,1046,302,404,2026-06-22T13:29:00,HbbTV,AT,Entertainment,failed,frequency_cap_exceeded
1431,1048,303,406,2026-06-23T04:26:00,CTV,SE,Entertainment,eligible,
1432,1045,301,402,2026-06-20T02:29:00,CTV,DE,Entertainment,failed,targeting_mismatch
1433,1045,302,410,2026-06-22T11:32:00,HbbTV,CH,Sports,failed,targeting_mismatch
1434,1045,302,404,2026-06-18T03:35:00,HbbTV,AT,Entertainment,failed,targeting_mismatch
1435,1045,302,410,2026-06-17T04:39:00,HbbTV,CH,Sports,failed,targeting_mismatch
1436,1048,303,407,2026-06-22T07:58:00,Mobile,SE,Gaming,failed,device_targeting_mismatch
1437,1049,301,402,2026-06-20T07:28:00,CTV,DE,Entertainment,eligible,
1438,1046,301,402,2026-06-21T12:49:00,CTV,DE,Entertainment,failed,frequency_cap_exceeded
1439,1048,303,408,2026-06-21T00:17:00,CTV,NO,News,eligible,
1440,1046,301,402,2026-06-19T08:02:00,CTV,DE,Entertainment,eligible,
1441,1046,301,402,2026-06-17T11:33:00,CTV,DE,Entertainment,failed,frequency_cap_exceeded
1442,1046,302,405,2026-06-18T20:56:00,SetTopBox,AT,Lifestyle,failed,frequency_cap_exceeded
1443,1045,301,401,2026-06-21T10:15:00,CTV,DE,Sports,eligible,
1444,1049,301,401,2026-06-22T04:53:00,CTV,DE,Sports,eligible,
1445,1045,302,410,2026-06-21T13:39:00,HbbTV,CH,Sports,failed,targeting_mismatch
1446,1047,301,409,2026-06-20T01:46:00,Desktop,DE,Finance,eligible,
1447,1047,302,405,2026-06-18T14:55:00,SetTopBox,AT,Lifestyle,eligible,
1448,1045,301,401,2026-06-15T00:22:00,CTV,DE,Sports,eligible,
1449,1045,302,404,2026-06-21T01:14:00,HbbTV,AT,Entertainment,failed,targeting_mismatch
1450,1045,301,401,2026-06-18T23:01:00,CTV,DE,Sports,failed,shared_inventory_consumed_by_high_priority_campaign
1451,1045,302,404,2026-06-23T06:39:00,HbbTV,AT,Entertainment,failed,targeting_mismatch
1452,1045,301,401,2026-06-20T16:44:00,CTV,DE,Sports,eligible,
1453,1045,301,401,2026-06-18T16:20:00,CTV,DE,Sports,eligible,
1454,1047,302,405,2026-06-19T20:43:00,SetTopBox,AT,Lifestyle,eligible,
1455,1045,301,402,2026-06-20T18:11:00,CTV,DE,Entertainment,failed,targeting_mismatch
1456,1047,303,407,2026-06-21T16:31:00,Mobile,SE,Gaming,eligible,
1457,1045,302,404,2026-06-23T06:21:00,HbbTV,AT,Entertainment,failed,targeting_mismatch
1458,1047,303,407,2026-06-15T03:13:00,Mobile,SE,Gaming,eligible,
1459,1046,302,404,2026-06-18T16:37:00,HbbTV,AT,Entertainment,eligible,
1460,1045,302,410,2026-06-16T14:56:00,HbbTV,CH,Sports,failed,targeting_mismatch
1461,1048,303,406,2026-06-23T05:06:00,CTV,SE,Entertainment,eligible,
1462,1045,302,404,2026-06-17T03:32:00,HbbTV,AT,Entertainment,failed,targeting_mismatch
1463,1049,301,402,2026-06-19T17:25:00,CTV,DE,Entertainment,eligible,
1464,1045,302,404,2026-06-22T18:28:00,HbbTV,AT,Entertainment,failed,targeting_mismatch
1465,1045,301,402,2026-06-18T16:42:00,CTV,DE,Entertainment,failed,targeting_mismatch
1466,1048,303,408,2026-06-22T06:23:00,CTV,NO,News,eligible,
1467,1045,301,402,2026-06-19T15:04:00,CTV,DE,Entertainment,failed,targeting_mismatch
1468,1049,301,402,2026-06-21T15:59:00,CTV,DE,Entertainment,eligible,
1469,1045,302,404,2026-06-17T11:18:00,HbbTV,AT,Entertainment,failed,targeting_mismatch
1470,1046,302,405,2026-06-18T15:20:00,SetTopBox,AT,Lifestyle,eligible,
1471,1045,302,404,2026-06-23T14:29:00,HbbTV,AT,Entertainment,failed,targeting_mismatch
1472,1046,302,405,2026-06-15T16:40:00,SetTopBox,AT,Lifestyle,failed,frequency_cap_exceeded
1473,1048,303,407,2026-06-23T23:30:00,Mobile,SE,Gaming,failed,device_targeting_mismatch
1474,1045,302,404,2026-06-16T05:22:00,HbbTV,AT,Entertainment,failed,targeting_mismatch
1475,1047,303,407,2026-06-22T02:27:00,Mobile,SE,Gaming,eligible,
1476,1049,301,403,2026-06-18T21:04:00,HbbTV,DE,News,eligible,
1477,1045,302,404,2026-06-18T17:58:00,HbbTV,AT,Entertainment,failed,targeting_mismatch
1478,1047,302,405,2026-06-23T14:49:00,SetTopBox,AT,Lifestyle,eligible,
1479,1045,301,402,2026-06-19T10:08:00,CTV,DE,Entertainment,failed,targeting_mismatch
1480,1049,301,402,2026-06-18T19:50:00,CTV,DE,Entertainment,eligible,
1481,1046,302,404,2026-06-22T04:36:00,HbbTV,AT,Entertainment,failed,frequency_cap_exceeded
1482,1045,302,410,2026-06-20T17:36:00,HbbTV,CH,Sports,failed,targeting_mismatch
1483,1047,301,409,2026-06-18T16:21:00,Desktop,DE,Finance,eligible,
1484,1047,301,409,2026-06-23T07:04:00,Desktop,DE,Finance,eligible,
1485,1048,303,406,2026-06-21T22:24:00,CTV,SE,Entertainment,eligible,
1486,1048,303,408,2026-06-21T11:20:00,CTV,NO,News,eligible,
1487,1046,302,404,2026-06-19T04:03:00,HbbTV,AT,Entertainment,failed,frequency_cap_exceeded
1488,1045,302,410,2026-06-22T21:55:00,HbbTV,CH,Sports,failed,targeting_mismatch
1489,1045,301,401,2026-06-18T06:35:00,CTV,DE,Sports,eligible,
1490,1046,301,402,2026-06-15T17:11:00,CTV,DE,Entertainment,failed,frequency_cap_exceeded
1491,1048,303,407,2026-06-23T23:29:00,Mobile,SE,Gaming,failed,device_targeting_mismatch
1492,1046,302,405,2026-06-15T21:48:00,SetTopBox,AT,Lifestyle,eligible,
1493,1048,303,406,2026-06-23T19:32:00,CTV,SE,Entertainment,eligible,
1494,1045,301,402,2026-06-18T22:31:00,CTV,DE,Entertainment,failed,targeting_mismatch
1495,1047,303,407,2026-06-16T14:39:00,Mobile,SE,Gaming,eligible,
1496,1048,303,408,2026-06-22T23:59:00,CTV,NO,News,eligible,
1497,1045,301,402,2026-06-15T17:06:00,CTV,DE,Entertainment,failed,targeting_mismatch
1498,1047,301,409,2026-06-16T01:48:00,Desktop,DE,Finance,eligible,
1499,1047,301,409,2026-06-23T17:11:00,Desktop,DE,Finance,eligible,
1500,1046,301,402,2026-06-22T18:50:00,CTV,DE,Entertainment,failed,frequency_cap_exceeded
1501,1046,302,404,2026-06-17T11:51:00,HbbTV,AT,Entertainment,eligible,
1502,1047,302,405,2026-06-18T19:29:00,SetTopBox,AT,Lifestyle,eligible,
1503,1047,301,409,2026-06-23T06:23:00,Desktop,DE,Finance,eligible,
1504,1045,302,404,2026-06-23T23:32:00,HbbTV,AT,Entertainment,failed,targeting_mismatch
1505,1045,301,402,2026-06-16T19:14:00,CTV,DE,Entertainment,failed,targeting_mismatch
1506,1047,303,407,2026-06-17T16:59:00,Mobile,SE,Gaming,eligible,
1507,1048,303,407,2026-06-23T07:31:00,Mobile,SE,Gaming,failed,device_targeting_mismatch
1508,1048,303,408,2026-06-23T10:33:00,CTV,NO,News,eligible,
1509,1047,303,407,2026-06-16T20:38:00,Mobile,SE,Gaming,eligible,
1510,1047,303,407,2026-06-23T16:34:00,Mobile,SE,Gaming,eligible,
1511,1046,302,404,2026-06-22T19:55:00,HbbTV,AT,Entertainment,eligible,
1512,1045,302,404,2026-06-19T02:40:00,HbbTV,AT,Entertainment,failed,targeting_mismatch
1513,1049,301,402,2026-06-19T22:33:00,CTV,DE,Entertainment,eligible,
1514,1045,301,401,2026-06-21T11:43:00,CTV,DE,Sports,eligible,
1515,1047,302,405,2026-06-22T22:28:00,SetTopBox,AT,Lifestyle,eligible,
1516,1045,301,401,2026-06-23T02:45:00,CTV,DE,Sports,eligible,
1517,1047,302,405,2026-06-15T07:55:00,SetTopBox,AT,Lifestyle,eligible,
1518,1048,303,406,2026-06-22T01:42:00,CTV,SE,Entertainment,eligible,
1519,1049,301,401,2026-06-18T18:43:00,CTV,DE,Sports,eligible,
1520,1045,301,402,2026-06-23T11:05:00,CTV,DE,Entertainment,failed,targeting_mismatch
1521,1047,301,409,2026-06-21T10:10:00,Desktop,DE,Finance,eligible,
1522,1045,302,404,2026-06-16T23:59:00,HbbTV,AT,Entertainment,failed,targeting_mismatch
1523,1045,302,410,2026-06-22T20:37:00,HbbTV,CH,Sports,failed,targeting_mismatch
1524,1048,303,408,2026-06-22T12:55:00,CTV,NO,News,eligible,
1525,1045,302,410,2026-06-17T12:10:00,HbbTV,CH,Sports,failed,targeting_mismatch
1526,1046,302,405,2026-06-19T18:57:00,SetTopBox,AT,Lifestyle,failed,frequency_cap_exceeded
1527,1046,302,405,2026-06-18T04:11:00,SetTopBox,AT,Lifestyle,eligible,
1528,1047,303,407,2026-06-23T22:28:00,Mobile,SE,Gaming,eligible,
1529,1045,302,404,2026-06-17T09:58:00,HbbTV,AT,Entertainment,failed,targeting_mismatch
1530,1048,303,406,2026-06-21T22:40:00,CTV,SE,Entertainment,eligible,
1531,1045,301,402,2026-06-20T20:47:00,CTV,DE,Entertainment,failed,targeting_mismatch
1532,1048,303,406,2026-06-22T06:21:00,CTV,SE,Entertainment,failed,shared_inventory_consumed_by_high_priority_campaign
1533,1047,302,405,2026-06-20T12:58:00,SetTopBox,AT,Lifestyle,eligible,
1534,1046,302,405,2026-06-23T14:55:00,SetTopBox,AT,Lifestyle,eligible,
1535,1049,301,401,2026-06-21T21:15:00,CTV,DE,Sports,eligible,
1536,1046,302,405,2026-06-21T13:46:00,SetTopBox,AT,Lifestyle,eligible,
1537,1047,301,409,2026-06-23T13:46:00,Desktop,DE,Finance,eligible,
1538,1045,302,404,2026-06-23T12:43:00,HbbTV,AT,Entertainment,failed,targeting_mismatch
1539,1047,301,409,2026-06-21T11:01:00,Desktop,DE,Finance,eligible,
1540,1045,302,404,2026-06-22T06:37:00,HbbTV,AT,Entertainment,failed,targeting_mismatch
1541,1047,303,407,2026-06-23T06:53:00,Mobile,SE,Gaming,eligible,
1542,1045,302,410,2026-06-16T21:48:00,HbbTV,CH,Sports,failed,targeting_mismatch
1543,1046,301,402,2026-06-15T08:20:00,CTV,DE,Entertainment,failed,frequency_cap_exceeded
1544,1049,301,401,2026-06-19T12:50:00,CTV,DE,Sports,eligible,
1545,1045,301,401,2026-06-18T11:00:00,CTV,DE,Sports,eligible,
1546,1048,303,406,2026-06-21T16:00:00,CTV,SE,Entertainment,eligible,
1547,1046,301,402,2026-06-23T23:55:00,CTV,DE,Entertainment,failed,frequency_cap_exceeded
1548,1046,302,405,2026-06-22T09:30:00,SetTopBox,AT,Lifestyle,eligible,
1549,1049,301,402,2026-06-17T16:24:00,CTV,DE,Entertainment,eligible,
1550,1046,301,402,2026-06-15T02:52:00,CTV,DE,Entertainment,failed,frequency_cap_exceeded
1551,1047,301,409,2026-06-22T03:15:00,Desktop,DE,Finance,eligible,
1552,1048,303,406,2026-06-21T00:37:00,CTV,SE,Entertainment,eligible,
1553,1046,301,402,2026-06-15T21:15:00,CTV,DE,Entertainment,failed,frequency_cap_exceeded
1554,1048,303,406,2026-06-21T14:50:00,CTV,SE,Entertainment,eligible,
1555,1045,301,401,2026-06-19T04:36:00,CTV,DE,Sports,eligible,
1556,1047,301,409,2026-06-22T03:44:00,Desktop,DE,Finance,eligible,
1557,1045,301,402,2026-06-15T14:12:00,CTV,DE,Entertainment,failed,targeting_mismatch
1558,1045,302,410,2026-06-23T02:05:00,HbbTV,CH,Sports,failed,targeting_mismatch
1559,1048,303,408,2026-06-22T02:55:00,CTV,NO,News,eligible,
1560,1045,302,410,2026-06-15T04:37:00,HbbTV,CH,Sports,failed,targeting_mismatch
1561,1046,302,405,2026-06-22T04:11:00,SetTopBox,AT,Lifestyle,failed,frequency_cap_exceeded
1562,1048,303,406,2026-06-21T08:12:00,CTV,SE,Entertainment,eligible,
1563,1047,303,407,2026-06-20T13:11:00,Mobile,SE,Gaming,failed,shared_inventory_consumed_by_high_priority_campaign
1564,1048,303,406,2026-06-23T11:41:00,CTV,SE,Entertainment,eligible,
1565,1047,302,405,2026-06-17T20:57:00,SetTopBox,AT,Lifestyle,eligible,
1566,1049,301,401,2026-06-15T01:21:00,CTV,DE,Sports,eligible,
1567,1049,301,402,2026-06-22T22:41:00,CTV,DE,Entertainment,eligible,
1568,1045,302,410,2026-06-18T01:58:00,HbbTV,CH,Sports,failed,targeting_mismatch
1569,1047,303,407,2026-06-18T03:39:00,Mobile,SE,Gaming,eligible,
1570,1047,303,407,2026-06-19T21:45:00,Mobile,SE,Gaming,eligible,
1571,1045,302,404,2026-06-23T10:01:00,HbbTV,AT,Entertainment,failed,targeting_mismatch
1572,1049,301,401,2026-06-15T02:24:00,CTV,DE,Sports,eligible,
1573,1045,301,402,2026-06-21T03:38:00,CTV,DE,Entertainment,failed,targeting_mismatch
1574,1048,303,408,2026-06-23T05:07:00,CTV,NO,News,eligible,
1575,1045,301,402,2026-06-21T18:53:00,CTV,DE,Entertainment,failed,targeting_mismatch
1576,1047,303,407,2026-06-16T18:57:00,Mobile,SE,Gaming,eligible,
1577,1046,302,404,2026-06-16T14:46:00,HbbTV,AT,Entertainment,eligible,
1578,1048,303,407,2026-06-22T10:31:00,Mobile,SE,Gaming,failed,device_targeting_mismatch
1579,1045,302,410,2026-06-15T21:48:00,HbbTV,CH,Sports,failed,targeting_mismatch
1580,1047,302,405,2026-06-20T15:11:00,SetTopBox,AT,Lifestyle,eligible,
1581,1047,301,409,2026-06-15T08:41:00,Desktop,DE,Finance,eligible,
1582,1048,303,408,2026-06-23T17:45:00,CTV,NO,News,failed,shared_inventory_consumed_by_high_priority_campaign
1583,1048,303,406,2026-06-23T03:50:00,CTV,SE,Entertainment,eligible,
1584,1047,302,405,2026-06-16T19:34:00,SetTopBox,AT,Lifestyle,eligible,
1585,1048,303,407,2026-06-21T14:28:00,Mobile,SE,Gaming,failed,device_targeting_mismatch
1586,1045,302,404,2026-06-22T11:29:00,HbbTV,AT,Entertainment,failed,targeting_mismatch
1587,1045,302,404,2026-06-19T05:42:00,HbbTV,AT,Entertainment,failed,targeting_mismatch
1588,1049,301,402,2026-06-22T22:56:00,CTV,DE,Entertainment,eligible,
1589,1048,303,407,2026-06-23T11:51:00,Mobile,SE,Gaming,failed,device_targeting_mismatch
1590,1048,303,408,2026-06-23T19:32:00,CTV,NO,News,eligible,
1591,1047,301,409,2026-06-17T07:44:00,Desktop,DE,Finance,eligible,
1592,1048,303,407,2026-06-23T05:10:00,Mobile,SE,Gaming,failed,device_targeting_mismatch
1593,1045,302,410,2026-06-23T12:02:00,HbbTV,CH,Sports,failed,targeting_mismatch
1594,1045,301,402,2026-06-22T20:12:00,CTV,DE,Entertainment,failed,targeting_mismatch
1595,1048,303,407,2026-06-23T19:10:00,Mobile,SE,Gaming,failed,device_targeting_mismatch
1596,1046,302,405,2026-06-22T05:24:00,SetTopBox,AT,Lifestyle,failed,frequency_cap_exceeded
1597,1045,302,410,2026-06-20T00:52:00,HbbTV,CH,Sports,failed,targeting_mismatch
1598,1047,302,405,2026-06-23T17:27:00,SetTopBox,AT,Lifestyle,eligible,
1599,1047,303,407,2026-06-15T21:08:00,Mobile,SE,Gaming,eligible,
1600,1045,301,402,2026-06-17T19:31:00,CTV,DE,Entertainment,failed,targeting_mismatch
1601,1047,301,409,2026-06-17T17:18:00,Desktop,DE,Finance,eligible,
1602,1048,303,408,2026-06-22T23:04:00,CTV,NO,News,eligible,
1603,1046,302,404,2026-06-18T15:53:00,HbbTV,AT,Entertainment,eligible,
1604,1046,302,405,2026-06-20T10:53:00,SetTopBox,AT,Lifestyle,failed,frequency_cap_exceeded
1605,1045,302,404,2026-06-16T19:14:00,HbbTV,AT,Entertainment,failed,targeting_mismatch
1606,1045,301,401,2026-06-17T22:07:00,CTV,DE,Sports,eligible,
1607,1047,302,405,2026-06-21T14:44:00,SetTopBox,AT,Lifestyle,eligible,
1608,1045,302,410,2026-06-21T00:59:00,HbbTV,CH,Sports,failed,targeting_mismatch
1609,1047,303,407,2026-06-23T15:37:00,Mobile,SE,Gaming,eligible,
1610,1049,301,403,2026-06-21T17:30:00,HbbTV,DE,News,eligible,
1611,1045,302,404,2026-06-15T22:49:00,HbbTV,AT,Entertainment,failed,targeting_mismatch
1612,1045,301,401,2026-06-23T15:49:00,CTV,DE,Sports,eligible,
1613,1045,301,402,2026-06-22T06:40:00,CTV,DE,Entertainment,failed,targeting_mismatch
1614,1047,301,409,2026-06-22T17:51:00,Desktop,DE,Finance,eligible,
1615,1045,302,410,2026-06-21T16:18:00,HbbTV,CH,Sports,failed,targeting_mismatch
1616,1045,302,410,2026-06-18T01:09:00,HbbTV,CH,Sports,failed,targeting_mismatch
1617,1045,301,401,2026-06-15T05:07:00,CTV,DE,Sports,eligible,
1618,1047,303,407,2026-06-16T06:54:00,Mobile,SE,Gaming,eligible,
1619,1045,301,401,2026-06-15T01:46:00,CTV,DE,Sports,eligible,
1620,1045,301,402,2026-06-20T22:46:00,CTV,DE,Entertainment,failed,targeting_mismatch
1621,1049,301,403,2026-06-16T09:18:00,HbbTV,DE,News,eligible,
1622,1045,301,402,2026-06-17T23:41:00,CTV,DE,Entertainment,failed,targeting_mismatch
1623,1045,301,402,2026-06-19T18:49:00,CTV,DE,Entertainment,failed,targeting_mismatch
1624,1048,303,408,2026-06-22T17:32:00,CTV,NO,News,failed,shared_inventory_consumed_by_high_priority_campaign
1625,1045,302,404,2026-06-18T10:38:00,HbbTV,AT,Entertainment,failed,targeting_mismatch
1626,1045,301,402,2026-06-18T09:00:00,CTV,DE,Entertainment,failed,targeting_mismatch
1627,1048,303,406,2026-06-21T02:34:00,CTV,SE,Entertainment,eligible,
1628,1048,303,408,2026-06-23T05:49:00,CTV,NO,News,eligible,
1629,1047,301,409,2026-06-16T11:30:00,Desktop,DE,Finance,eligible,
1630,1047,301,409,2026-06-23T15:52:00,Desktop,DE,Finance,failed,shared_inventory_consumed_by_high_priority_campaign
1631,1047,301,409,2026-06-15T01:58:00,Desktop,DE,Finance,eligible,
1632,1046,301,402,2026-06-15T01:38:00,CTV,DE,Entertainment,eligible,
1633,1047,302,405,2026-06-16T13:14:00,SetTopBox,AT,Lifestyle,eligible,
1634,1045,302,404,2026-06-19T22:09:00,HbbTV,AT,Entertainment,failed,targeting_mismatch
1635,1046,301,402,2026-06-18T17:44:00,CTV,DE,Entertainment,eligible,
1636,1045,302,404,2026-06-20T19:19:00,HbbTV,AT,Entertainment,failed,targeting_mismatch
1637,1047,302,405,2026-06-15T15:44:00,SetTopBox,AT,Lifestyle,eligible,
1638,1046,301,402,2026-06-19T01:18:00,CTV,DE,Entertainment,eligible,
1639,1045,302,404,2026-06-19T11:33:00,HbbTV,AT,Entertainment,failed,targeting_mismatch
1640,1048,303,406,2026-06-22T06:12:00,CTV,SE,Entertainment,eligible,
1641,1049,301,402,2026-06-20T19:54:00,CTV,DE,Entertainment,eligible,
1642,1045,302,410,2026-06-16T22:42:00,HbbTV,CH,Sports,failed,targeting_mismatch
1643,1047,301,409,2026-06-23T07:55:00,Desktop,DE,Finance,failed,shared_inventory_consumed_by_high_priority_campaign
1644,1046,302,405,2026-06-17T02:41:00,SetTopBox,AT,Lifestyle,eligible,
1645,1047,301,409,2026-06-21T04:14:00,Desktop,DE,Finance,eligible,
1646,1049,301,403,2026-06-18T12:40:00,HbbTV,DE,News,eligible,
1647,1046,302,404,2026-06-21T16:51:00,HbbTV,AT,Entertainment,failed,frequency_cap_exceeded
1648,1047,302,405,2026-06-20T02:20:00,SetTopBox,AT,Lifestyle,eligible,
1649,1047,303,407,2026-06-16T23:50:00,Mobile,SE,Gaming,eligible,
1650,1048,303,407,2026-06-21T05:25:00,Mobile,SE,Gaming,failed,device_targeting_mismatch
1651,1045,301,402,2026-06-15T02:51:00,CTV,DE,Entertainment,failed,targeting_mismatch
1652,1048,303,407,2026-06-21T20:36:00,Mobile,SE,Gaming,failed,device_targeting_mismatch
1653,1046,302,405,2026-06-16T00:09:00,SetTopBox,AT,Lifestyle,failed,frequency_cap_exceeded
1654,1045,302,404,2026-06-20T01:26:00,HbbTV,AT,Entertainment,failed,targeting_mismatch
1655,1046,301,402,2026-06-20T18:20:00,CTV,DE,Entertainment,eligible,
1656,1045,301,402,2026-06-18T05:05:00,CTV,DE,Entertainment,failed,targeting_mismatch
1657,1046,301,402,2026-06-20T15:46:00,CTV,DE,Entertainment,failed,frequency_cap_exceeded
1658,1045,302,410,2026-06-23T18:03:00,HbbTV,CH,Sports,failed,targeting_mismatch
1659,1048,303,406,2026-06-22T08:45:00,CTV,SE,Entertainment,eligible,
1660,1049,301,403,2026-06-21T11:10:00,HbbTV,DE,News,eligible,
1661,1046,302,404,2026-06-15T12:20:00,HbbTV,AT,Entertainment,eligible,
1662,1046,302,405,2026-06-17T22:35:00,SetTopBox,AT,Lifestyle,eligible,
1663,1046,302,404,2026-06-23T09:37:00,HbbTV,AT,Entertainment,failed,frequency_cap_exceeded
1664,1047,303,407,2026-06-15T12:36:00,Mobile,SE,Gaming,eligible,
1665,1046,302,404,2026-06-19T03:31:00,HbbTV,AT,Entertainment,failed,frequency_cap_exceeded
1666,1046,302,404,2026-06-15T23:13:00,HbbTV,AT,Entertainment,eligible,
1667,1048,303,406,2026-06-22T14:59:00,CTV,SE,Entertainment,failed,shared_inventory_consumed_by_high_priority_campaign
1668,1047,301,409,2026-06-17T10:01:00,Desktop,DE,Finance,eligible,
1669,1045,302,404,2026-06-15T22:13:00,HbbTV,AT,Entertainment,failed,targeting_mismatch
1670,1045,302,404,2026-06-15T22:33:00,HbbTV,AT,Entertainment,failed,targeting_mismatch
1671,1048,303,408,2026-06-23T16:57:00,CTV,NO,News,eligible,
1672,1046,302,405,2026-06-20T09:20:00,SetTopBox,AT,Lifestyle,eligible,
1673,1045,302,410,2026-06-19T00:35:00,HbbTV,CH,Sports,failed,targeting_mismatch
1674,1046,302,404,2026-06-23T22:48:00,HbbTV,AT,Entertainment,failed,frequency_cap_exceeded
1675,1047,303,407,2026-06-15T11:49:00,Mobile,SE,Gaming,eligible,
1676,1045,302,404,2026-06-17T19:41:00,HbbTV,AT,Entertainment,failed,targeting_mismatch
1677,1049,301,401,2026-06-19T14:14:00,CTV,DE,Sports,eligible,
1678,1045,302,410,2026-06-21T12:49:00,HbbTV,CH,Sports,failed,targeting_mismatch
1679,1049,301,402,2026-06-17T05:20:00,CTV,DE,Entertainment,eligible,
1680,1048,303,408,2026-06-22T07:56:00,CTV,NO,News,eligible,
1681,1045,301,402,2026-06-20T06:59:00,CTV,DE,Entertainment,failed,targeting_mismatch
1682,1048,303,407,2026-06-23T22:59:00,Mobile,SE,Gaming,failed,device_targeting_mismatch
1683,1045,302,404,2026-06-21T14:31:00,HbbTV,AT,Entertainment,failed,targeting_mismatch
1684,1045,302,410,2026-06-20T08:16:00,HbbTV,CH,Sports,failed,targeting_mismatch
1685,1047,303,407,2026-06-21T21:48:00,Mobile,SE,Gaming,eligible,
1686,1046,301,402,2026-06-20T06:31:00,CTV,DE,Entertainment,failed,frequency_cap_exceeded
1687,1049,301,403,2026-06-18T12:49:00,HbbTV,DE,News,eligible,
1688,1046,302,405,2026-06-23T06:44:00,SetTopBox,AT,Lifestyle,failed,frequency_cap_exceeded
1689,1049,301,402,2026-06-21T06:04:00,CTV,DE,Entertainment,eligible,
1690,1047,303,407,2026-06-18T13:03:00,Mobile,SE,Gaming,eligible,
1691,1046,302,405,2026-06-21T20:00:00,SetTopBox,AT,Lifestyle,failed,frequency_cap_exceeded
1692,1045,302,404,2026-06-17T14:42:00,HbbTV,AT,Entertainment,failed,targeting_mismatch
1693,1049,301,401,2026-06-18T21:41:00,CTV,DE,Sports,eligible,
1694,1046,302,404,2026-06-16T07:21:00,HbbTV,AT,Entertainment,eligible,
1695,1048,303,407,2026-06-23T08:45:00,Mobile,SE,Gaming,failed,device_targeting_mismatch
1696,1049,301,401,2026-06-22T08:02:00,CTV,DE,Sports,eligible,
1697,1048,303,408,2026-06-23T10:03:00,CTV,NO,News,eligible,
1698,1048,303,407,2026-06-22T02:41:00,Mobile,SE,Gaming,failed,device_targeting_mismatch
1699,1046,301,402,2026-06-19T00:05:00,CTV,DE,Entertainment,eligible,
1700,1049,301,402,2026-06-22T18:06:00,CTV,DE,Entertainment,eligible,
1701,1045,301,401,2026-06-18T00:39:00,CTV,DE,Sports,eligible,
1702,1048,303,406,2026-06-21T03:40:00,CTV,SE,Entertainment,eligible,
1703,1045,301,402,2026-06-18T23:14:00,CTV,DE,Entertainment,failed,targeting_mismatch
1704,1047,303,407,2026-06-20T02:08:00,Mobile,SE,Gaming,eligible,
1705,1049,301,401,2026-06-23T20:05:00,CTV,DE,Sports,eligible,
1706,1047,301,409,2026-06-20T06:35:00,Desktop,DE,Finance,eligible,
1707,1045,301,401,2026-06-17T09:06:00,CTV,DE,Sports,eligible,
1708,1048,303,408,2026-06-21T21:40:00,CTV,NO,News,eligible,
1709,1045,301,401,2026-06-19T09:59:00,CTV,DE,Sports,eligible,
1710,1046,302,404,2026-06-22T04:09:00,HbbTV,AT,Entertainment,failed,frequency_cap_exceeded
1711,1045,302,404,2026-06-21T01:04:00,HbbTV,AT,Entertainment,failed,targeting_mismatch
1712,1045,301,401,2026-06-22T03:18:00,CTV,DE,Sports,eligible,
1713,1047,303,407,2026-06-22T12:15:00,Mobile,SE,Gaming,failed,shared_inventory_consumed_by_high_priority_campaign
1714,1046,302,404,2026-06-21T08:57:00,HbbTV,AT,Entertainment,failed,shared_inventory_consumed_by_high_priority_campaign
1715,1046,301,402,2026-06-23T16:57:00,CTV,DE,Entertainment,eligible,
1716,1047,301,409,2026-06-17T21:40:00,Desktop,DE,Finance,eligible,
1717,1047,303,407,2026-06-18T04:17:00,Mobile,SE,Gaming,eligible,
1718,1045,301,402,2026-06-18T15:26:00,CTV,DE,Entertainment,failed,targeting_mismatch
1719,1048,303,408,2026-06-21T12:18:00,CTV,NO,News,eligible,
1720,1048,303,407,2026-06-21T09:20:00,Mobile,SE,Gaming,failed,device_targeting_mismatch
1721,1049,301,402,2026-06-18T04:56:00,CTV,DE,Entertainment,eligible,
1722,1047,303,407,2026-06-17T06:39:00,Mobile,SE,Gaming,eligible,
1723,1047,303,407,2026-06-22T16:01:00,Mobile,SE,Gaming,eligible,
1724,1045,301,401,2026-06-16T11:31:00,CTV,DE,Sports,eligible,
1725,1047,303,407,2026-06-19T01:29:00,Mobile,SE,Gaming,eligible,
1726,1046,302,404,2026-06-19T02:56:00,HbbTV,AT,Entertainment,eligible,
1727,1048,303,406,2026-06-22T03:27:00,CTV,SE,Entertainment,failed,shared_inventory_consumed_by_high_priority_campaign
1728,1047,302,405,2026-06-19T16:32:00,SetTopBox,AT,Lifestyle,eligible,
1729,1048,303,407,2026-06-22T12:56:00,Mobile,SE,Gaming,failed,device_targeting_mismatch
1730,1048,303,408,2026-06-23T06:51:00,CTV,NO,News,eligible,
1731,1049,301,402,2026-06-23T06:56:00,CTV,DE,Entertainment,eligible,
1732,1046,301,402,2026-06-18T00:31:00,CTV,DE,Entertainment,failed,frequency_cap_exceeded
1733,1048,303,406,2026-06-22T22:36:00,CTV,SE,Entertainment,eligible,
1734,1045,302,410,2026-06-18T10:16:00,HbbTV,CH,Sports,failed,targeting_mismatch
1735,1049,301,402,2026-06-21T22:53:00,CTV,DE,Entertainment,eligible,
1736,1049,301,403,2026-06-18T08:08:00,HbbTV,DE,News,eligible,
1737,1045,301,402,2026-06-16T08:26:00,CTV,DE,Entertainment,failed,targeting_mismatch
1738,1045,302,404,2026-06-16T19:24:00,HbbTV,AT,Entertainment,failed,targeting_mismatch
1739,1046,302,404,2026-06-21T07:19:00,HbbTV,AT,Entertainment,eligible,
1740,1047,302,405,2026-06-16T16:04:00,SetTopBox,AT,Lifestyle,eligible,
1741,1046,302,404,2026-06-15T04:17:00,HbbTV,AT,Entertainment,eligible,
1742,1046,302,404,2026-06-17T18:37:00,HbbTV,AT,Entertainment,failed,frequency_cap_exceeded
1743,1046,302,405,2026-06-15T17:08:00,SetTopBox,AT,Lifestyle,failed,frequency_cap_exceeded
1744,1046,301,402,2026-06-17T17:17:00,CTV,DE,Entertainment,failed,frequency_cap_exceeded
1745,1047,303,407,2026-06-20T02:09:00,Mobile,SE,Gaming,failed,shared_inventory_consumed_by_high_priority_campaign
1746,1049,301,402,2026-06-22T22:13:00,CTV,DE,Entertainment,eligible,
1747,1046,302,404,2026-06-16T09:54:00,HbbTV,AT,Entertainment,eligible,
1748,1045,302,404,2026-06-16T18:43:00,HbbTV,AT,Entertainment,failed,targeting_mismatch
1749,1048,303,406,2026-06-23T20:45:00,CTV,SE,Entertainment,eligible,
1750,1047,302,405,2026-06-19T03:37:00,SetTopBox,AT,Lifestyle,eligible,
1751,1045,301,402,2026-06-17T16:53:00,CTV,DE,Entertainment,failed,targeting_mismatch
1752,1048,303,406,2026-06-23T05:39:00,CTV,SE,Entertainment,eligible,
1753,1049,301,401,2026-06-23T23:22:00,CTV,DE,Sports,eligible,
1754,1045,302,410,2026-06-18T17:08:00,HbbTV,CH,Sports,failed,targeting_mismatch
1755,1045,301,402,2026-06-21T09:19:00,CTV,DE,Entertainment,failed,targeting_mismatch
1756,1048,303,406,2026-06-23T03:20:00,CTV,SE,Entertainment,failed,shared_inventory_consumed_by_high_priority_campaign
1757,1045,302,410,2026-06-21T02:02:00,HbbTV,CH,Sports,failed,targeting_mismatch
1758,1048,303,407,2026-06-23T20:18:00,Mobile,SE,Gaming,failed,device_targeting_mismatch
1759,1046,302,404,2026-06-22T03:43:00,HbbTV,AT,Entertainment,eligible,
1760,1047,301,409,2026-06-23T04:23:00,Desktop,DE,Finance,eligible,
1761,1045,301,402,2026-06-21T09:00:00,CTV,DE,Entertainment,failed,targeting_mismatch
1762,1048,303,406,2026-06-21T11:56:00,CTV,SE,Entertainment,eligible,
1763,1046,302,404,2026-06-15T13:57:00,HbbTV,AT,Entertainment,failed,frequency_cap_exceeded
1764,1046,301,402,2026-06-15T18:56:00,CTV,DE,Entertainment,failed,frequency_cap_exceeded
1765,1045,302,410,2026-06-22T22:51:00,HbbTV,CH,Sports,failed,targeting_mismatch
1766,1046,302,405,2026-06-20T13:11:00,SetTopBox,AT,Lifestyle,failed,frequency_cap_exceeded
1767,1047,303,407,2026-06-17T12:41:00,Mobile,SE,Gaming,eligible,
1768,1047,303,407,2026-06-18T00:21:00,Mobile,SE,Gaming,eligible,
1769,1045,301,401,2026-06-22T20:33:00,CTV,DE,Sports,eligible,
1770,1047,301,409,2026-06-22T04:04:00,Desktop,DE,Finance,eligible,
1771,1045,301,402,2026-06-21T17:18:00,CTV,DE,Entertainment,failed,targeting_mismatch
1772,1047,302,405,2026-06-19T19:40:00,SetTopBox,AT,Lifestyle,eligible,
1773,1046,302,404,2026-06-17T17:06:00,HbbTV,AT,Entertainment,eligible,
1774,1045,302,410,2026-06-20T04:16:00,HbbTV,CH,Sports,failed,targeting_mismatch
1775,1046,302,404,2026-06-23T05:42:00,HbbTV,AT,Entertainment,eligible,
1776,1048,303,407,2026-06-21T02:59:00,Mobile,SE,Gaming,failed,device_targeting_mismatch
1777,1049,301,401,2026-06-21T04:16:00,CTV,DE,Sports,eligible,
1778,1047,301,409,2026-06-17T04:51:00,Desktop,DE,Finance,failed,shared_inventory_consumed_by_high_priority_campaign
1779,1047,303,407,2026-06-15T21:33:00,Mobile,SE,Gaming,failed,shared_inventory_consumed_by_high_priority_campaign
1780,1047,303,407,2026-06-20T09:07:00,Mobile,SE,Gaming,eligible,
1781,1046,302,405,2026-06-18T05:32:00,SetTopBox,AT,Lifestyle,eligible,
1782,1045,301,402,2026-06-22T08:00:00,CTV,DE,Entertainment,failed,targeting_mismatch
1783,1046,301,402,2026-06-15T09:19:00,CTV,DE,Entertainment,failed,frequency_cap_exceeded
1784,1048,303,406,2026-06-22T02:14:00,CTV,SE,Entertainment,eligible,
1785,1046,302,405,2026-06-22T14:41:00,SetTopBox,AT,Lifestyle,failed,frequency_cap_exceeded
1786,1045,301,402,2026-06-21T08:25:00,CTV,DE,Entertainment,failed,targeting_mismatch
1787,1048,303,406,2026-06-21T14:53:00,CTV,SE,Entertainment,eligible,
1788,1045,301,402,2026-06-15T23:12:00,CTV,DE,Entertainment,failed,targeting_mismatch
1789,1048,303,408,2026-06-22T07:44:00,CTV,NO,News,eligible,
1790,1048,303,407,2026-06-23T15:11:00,Mobile,SE,Gaming,failed,device_targeting_mismatch
1791,1045,301,401,2026-06-17T03:28:00,CTV,DE,Sports,eligible,
1792,1047,301,409,2026-06-19T14:55:00,Desktop,DE,Finance,eligible,
1793,1046,301,402,2026-06-19T17:58:00,CTV,DE,Entertainment,eligible,
1794,1046,302,404,2026-06-17T15:17:00,HbbTV,AT,Entertainment,failed,frequency_cap_exceeded
1795,1045,301,402,2026-06-18T16:30:00,CTV,DE,Entertainment,failed,targeting_mismatch
1796,1046,302,404,2026-06-19T20:44:00,HbbTV,AT,Entertainment,eligible,
1797,1046,302,405,2026-06-23T17:53:00,SetTopBox,AT,Lifestyle,failed,shared_inventory_consumed_by_high_priority_campaign
1798,1046,302,405,2026-06-22T02:48:00,SetTopBox,AT,Lifestyle,eligible,
1799,1045,301,402,2026-06-17T07:54:00,CTV,DE,Entertainment,failed,targeting_mismatch
1800,1048,303,406,2026-06-21T03:22:00,CTV,SE,Entertainment,eligible,
