id,campaign_id,ad_request_id,bid_price,floor_price,won,loss_reason
1801,1045,801,17.64,19.0,False,bid_below_floor
1802,1045,802,17.83,15.5,False,targeting_mismatch
1803,1049,803,15.51,18.0,False,bid_below_floor
1804,1049,804,18.81,16.5,True,
1805,1045,805,17.58,19.0,False,bid_below_floor
1806,1048,806,11.4,9.5,False,device_targeting_mismatch
1807,1045,807,18.66,19.0,False,bid_below_floor
1808,1046,808,14.68,12.5,False,auction_lost
1809,1048,809,15.26,9.5,False,device_targeting_mismatch
1810,1046,810,18.07,16.5,False,auction_lost
1811,1045,811,17.37,16.5,False,targeting_mismatch
1812,1048,812,15.74,18.5,False,bid_below_floor
1813,1046,813,15.67,12.5,False,frequency_cap_exceeded
1814,1047,814,10.94,12.5,False,bid_below_floor
1815,1045,815,20.08,15.5,False,targeting_mismatch
1816,1047,816,9.4,12.5,False,bid_below_floor
1817,1046,817,14.46,12.5,False,frequency_cap_exceeded
1818,1045,818,18.61,15.5,False,targeting_mismatch
1819,1047,819,9.28,9.5,False,bid_below_floor
1820,1046,820,17.15,16.5,False,frequency_cap_exceeded
1821,1048,821,14.09,17.0,False,bid_below_floor
1822,1045,822,19.73,18.0,True,
1823,1047,823,7.75,11.0,False,bid_below_floor
1824,1047,824,9.01,9.5,False,bid_below_floor
1825,1046,825,13.04,15.5,False,bid_below_floor
1826,1046,826,16.24,16.5,False,bid_below_floor
1827,1045,827,18.46,19.0,False,bid_below_floor
1828,1047,828,7.73,12.5,False,bid_below_floor
1829,1045,829,17.25,18.0,False,bid_below_floor
1830,1045,830,17.75,16.5,False,targeting_mismatch
1831,1045,831,19.91,19.0,False,targeting_mismatch
1832,1047,832,7.97,9.5,False,bid_below_floor
1833,1046,833,15.26,16.5,False,bid_below_floor
1834,1046,834,10.26,12.5,False,bid_below_floor
1835,1048,835,11.01,9.5,False,device_targeting_mismatch
1836,1046,836,14.2,15.5,False,bid_below_floor
1837,1047,837,8.57,12.5,False,bid_below_floor
1838,1045,838,18.3,15.5,False,targeting_mismatch
1839,1049,839,21.94,18.0,True,
1840,1048,840,13.36,9.5,False,device_targeting_mismatch
1841,1045,841,17.53,19.0,False,bid_below_floor
1842,1049,842,15.86,16.5,False,bid_below_floor
1843,1045,843,19.18,15.5,False,targeting_mismatch
1844,1048,844,14.36,17.0,False,bid_below_floor
1845,1045,845,20.57,16.5,False,targeting_mismatch
1846,1045,846,20.5,19.0,False,targeting_mismatch
1847,1046,847,18.28,15.5,False,frequency_cap_exceeded
1848,1045,848,19.25,19.0,False,targeting_mismatch
1849,1045,849,18.09,15.5,False,targeting_mismatch
1850,1046,850,10.18,12.5,False,bid_below_floor
1851,1045,851,19.46,19.0,False,targeting_mismatch
1852,1046,852,19.74,16.5,True,
1853,1046,853,19.85,16.5,True,
1854,1047,854,8.29,12.5,False,bid_below_floor
1855,1048,855,11.55,17.0,False,bid_below_floor
1856,1047,856,9.72,9.5,True,
1857,1045,857,20.74,15.5,False,targeting_mismatch
1858,1048,858,12.51,9.5,False,device_targeting_mismatch
1859,1047,859,10.32,11.0,False,bid_below_floor
1860,1047,860,8.84,9.5,False,bid_below_floor
1861,1045,861,19.93,18.0,True,
1862,1045,862,19.18,15.5,False,targeting_mismatch
1863,1048,863,15.17,9.5,False,device_targeting_mismatch
1864,1046,864,10.35,12.5,False,bid_below_floor
1865,1045,865,20.68,18.0,True,
1866,1048,866,14.05,9.5,False,device_targeting_mismatch
1867,1045,867,19.5,19.0,False,targeting_mismatch
1868,1048,868,14.5,9.5,False,device_targeting_mismatch
1869,1045,869,18.85,15.5,False,targeting_mismatch
1870,1048,870,12.39,18.5,False,bid_below_floor
1871,1047,871,7.45,9.5,False,bid_below_floor
1872,1047,872,8.44,9.5,False,bid_below_floor
1873,1045,873,19.78,18.0,True,
1874,1045,874,20.34,19.0,False,targeting_mismatch
1875,1045,875,18.78,19.0,False,bid_below_floor
1876,1048,876,11.3,18.5,False,bid_below_floor
1877,1045,877,20.54,18.0,True,
1878,1047,878,8.55,9.5,False,bid_below_floor
1879,1048,879,13.17,17.0,False,bid_below_floor
1880,1046,880,12.91,12.5,False,frequency_cap_exceeded
1881,1049,881,19.82,16.5,True,
1882,1047,882,8.55,11.0,False,bid_below_floor
1883,1046,883,18.41,15.5,False,frequency_cap_exceeded
1884,1045,884,18.54,15.5,False,targeting_mismatch
1885,1047,885,9.35,11.0,False,bid_below_floor
1886,1048,886,15.47,9.5,False,device_targeting_mismatch
1887,1046,887,15.3,16.5,False,bid_below_floor
1888,1046,888,11.54,12.5,False,bid_below_floor
1889,1046,889,19.39,15.5,False,frequency_cap_exceeded
1890,1045,890,18.86,18.0,True,
1891,1046,891,18.06,16.5,True,
1892,1047,892,9.0,12.5,False,bid_below_floor
1893,1045,893,18.79,19.0,False,bid_below_floor
1894,1047,894,7.39,11.0,False,bid_below_floor
1895,1049,895,20.94,18.0,True,
1896,1045,896,20.1,18.0,False,shared_inventory_consumed_by_high_priority_campaign
1897,1047,897,7.19,12.5,False,bid_below_floor
1898,1048,898,13.04,17.0,False,bid_below_floor
1899,1047,899,9.44,12.5,False,bid_below_floor
1900,1046,900,15.55,16.5,False,bid_below_floor
1901,1047,901,10.47,11.0,False,bid_below_floor
1902,1048,902,14.15,9.5,False,device_targeting_mismatch
1903,1045,903,18.77,19.0,False,bid_below_floor
1904,1047,904,8.26,11.0,False,bid_below_floor
1905,1045,905,20.08,19.0,False,targeting_mismatch
1906,1045,906,19.23,15.5,False,targeting_mismatch
1907,1045,907,20.34,16.5,False,targeting_mismatch
1908,1045,908,19.75,18.0,True,
1909,1045,909,20.38,18.0,True,
1910,1046,910,12.64,12.5,False,auction_lost
1911,1048,911,14.23,18.5,False,bid_below_floor
1912,1047,912,7.76,9.5,False,bid_below_floor
1913,1048,913,11.17,18.5,False,bid_below_floor
1914,1047,914,9.97,11.0,False,bid_below_floor
1915,1046,915,19.4,16.5,False,frequency_cap_exceeded
1916,1048,916,14.8,18.5,False,bid_below_floor
1917,1049,917,16.38,16.5,False,bid_below_floor
1918,1045,918,20.85,19.0,False,targeting_mismatch
1919,1047,919,9.87,12.5,False,bid_below_floor
1920,1048,920,14.31,17.0,False,bid_below_floor
1921,1046,921,17.95,15.5,False,frequency_cap_exceeded
1922,1047,922,8.02,11.0,False,bid_below_floor
1923,1045,923,20.25,16.5,False,targeting_mismatch
1924,1047,924,9.48,11.0,False,bid_below_floor
1925,1048,925,11.6,17.0,False,bid_below_floor
1926,1048,926,12.37,17.0,False,bid_below_floor
1927,1046,927,14.32,16.5,False,bid_below_floor
1928,1048,928,15.3,9.5,False,device_targeting_mismatch
1929,1049,929,18.03,18.0,True,
1930,1046,930,18.17,15.5,False,frequency_cap_exceeded
1931,1045,931,17.54,15.5,False,targeting_mismatch
1932,1048,932,11.03,9.5,False,device_targeting_mismatch
1933,1045,933,18.08,18.0,False,auction_lost
1934,1049,934,15.22,14.0,True,
1935,1048,935,15.4,9.5,False,device_targeting_mismatch
1936,1046,936,16.07,16.5,False,bid_below_floor
1937,1045,937,17.64,18.0,False,bid_below_floor
1938,1047,938,9.8,11.0,False,bid_below_floor
1939,1046,939,18.54,16.5,True,
1940,1045,940,18.6,15.5,False,targeting_mismatch
1941,1046,941,14.74,12.5,False,frequency_cap_exceeded
1942,1047,942,7.87,11.0,False,bid_below_floor
1943,1046,943,15.99,16.5,False,bid_below_floor
1944,1045,944,20.66,15.5,False,targeting_mismatch
1945,1045,945,18.78,18.0,False,auction_lost
1946,1045,946,20.1,15.5,False,targeting_mismatch
1947,1045,947,18.66,16.5,False,targeting_mismatch
1948,1049,948,16.26,14.0,True,
1949,1047,949,8.64,11.0,False,bid_below_floor
1950,1048,950,14.5,18.5,False,bid_below_floor
1951,1048,951,12.05,9.5,False,device_targeting_mismatch
1952,1045,952,20.77,16.5,False,targeting_mismatch
1953,1045,953,20.43,18.0,False,auction_lost
1954,1046,954,17.87,16.5,False,frequency_cap_exceeded
1955,1049,955,17.12,14.0,True,
1956,1049,956,17.02,18.0,False,bid_below_floor
1957,1045,957,20.01,18.0,True,
1958,1047,958,10.73,12.5,False,bid_below_floor
1959,1048,959,14.29,18.5,False,bid_below_floor
1960,1045,960,20.69,18.0,True,
1961,1046,961,19.08,16.5,False,frequency_cap_exceeded
1962,1046,962,15.98,16.5,False,bid_below_floor
1963,1048,963,14.28,18.5,False,bid_below_floor
1964,1046,964,16.81,16.5,False,frequency_cap_exceeded
1965,1046,965,15.26,16.5,False,bid_below_floor
1966,1049,966,14.37,16.5,False,bid_below_floor
1967,1047,967,7.46,12.5,False,bid_below_floor
1968,1048,968,14.74,9.5,False,device_targeting_mismatch
1969,1045,969,19.35,15.5,False,targeting_mismatch
1970,1046,970,14.12,16.5,False,bid_below_floor
1971,1048,971,15.96,9.5,False,device_targeting_mismatch
1972,1047,972,10.73,9.5,True,
1973,1048,973,15.36,9.5,False,device_targeting_mismatch
1974,1047,974,7.82,12.5,False,bid_below_floor
1975,1046,975,18.11,16.5,False,frequency_cap_exceeded
1976,1049,976,13.84,14.0,False,bid_below_floor
1977,1048,977,12.27,18.5,False,bid_below_floor
1978,1046,978,15.27,15.5,False,bid_below_floor
1979,1045,979,19.5,19.0,False,targeting_mismatch
1980,1049,980,15.25,16.5,False,bid_below_floor
1981,1046,981,15.42,16.5,False,bid_below_floor
1982,1048,982,11.35,9.5,False,device_targeting_mismatch
1983,1047,983,7.64,12.5,False,bid_below_floor
1984,1047,984,8.79,11.0,False,bid_below_floor
1985,1049,985,15.36,16.5,False,bid_below_floor
1986,1045,986,20.05,15.5,False,targeting_mismatch
1987,1046,987,18.45,15.5,False,frequency_cap_exceeded
1988,1046,988,10.39,12.5,False,bid_below_floor
1989,1048,989,14.88,9.5,False,device_targeting_mismatch
1990,1045,990,20.22,16.5,False,targeting_mismatch
1991,1045,991,17.91,15.5,False,targeting_mismatch
1992,1045,992,19.5,18.0,True,
1993,1046,993,15.17,16.5,False,bid_below_floor
1994,1045,994,20.6,15.5,False,targeting_mismatch
1995,1048,995,12.08,17.0,False,bid_below_floor
1996,1048,996,14.07,17.0,False,bid_below_floor
1997,1049,997,14.92,14.0,True,
1998,1049,998,14.92,14.0,True,
1999,1047,999,9.69,12.5,False,bid_below_floor
2000,1046,1000,19.27,15.5,True,
2001,1047,1001,8.77,9.5,False,bid_below_floor
2002,1046,1002,12.19,12.5,False,bid_below_floor
2003,1048,1003,15.67,18.5,False,bid_below_floor
2004,1045,1004,18.69,15.5,False,targeting_mismatch
2005,1045,1005,20.69,16.5,False,targeting_mismatch
2006,1048,1006,12.81,17.0,False,bid_below_floor
2007,1047,1007,8.14,12.5,False,bid_below_floor
2008,1046,1008,14.78,16.5,False,bid_below_floor
2009,1045,1009,19.14,18.0,False,auction_lost
2010,1047,1010,7.58,12.5,False,bid_below_floor
2011,1047,1011,7.12,9.5,False,bid_below_floor
2012,1048,1012,14.44,18.5,False,bid_below_floor
2013,1048,1013,12.63,17.0,False,bid_below_floor
2014,1047,1014,7.92,12.5,False,bid_below_floor
2015,1045,1015,17.28,16.5,False,targeting_mismatch
2016,1049,1016,14.28,14.0,True,
2017,1046,1017,18.46,15.5,True,
2018,1045,1018,18.86,15.5,False,targeting_mismatch
2019,1047,1019,7.05,11.0,False,bid_below_floor
2020,1047,1020,8.59,12.5,False,bid_below_floor
2021,1047,1021,9.81,9.5,True,
2022,1048,1022,14.23,17.0,False,bid_below_floor
2023,1048,1023,12.85,17.0,False,bid_below_floor
2024,1046,1024,15.73,15.5,True,
2025,1045,1025,20.92,16.5,False,targeting_mismatch
2026,1046,1026,18.42,16.5,False,frequency_cap_exceeded
2027,1048,1027,12.73,17.0,False,bid_below_floor
2028,1045,1028,18.33,16.5,False,targeting_mismatch
2029,1047,1029,7.26,12.5,False,bid_below_floor
2030,1048,1030,14.41,17.0,False,bid_below_floor
2031,1045,1031,17.36,16.5,False,targeting_mismatch
2032,1046,1032,18.97,15.5,False,frequency_cap_exceeded
2033,1049,1033,15.62,16.5,False,bid_below_floor
2034,1045,1034,20.9,16.5,False,targeting_mismatch
2035,1048,1035,14.22,18.5,False,bid_below_floor
2036,1047,1036,9.62,12.5,False,bid_below_floor
2037,1045,1037,19.81,16.5,False,targeting_mismatch
2038,1045,1038,20.55,18.0,True,
2039,1045,1039,20.4,19.0,False,targeting_mismatch
2040,1047,1040,8.36,12.5,False,bid_below_floor
2041,1048,1041,12.07,17.0,False,bid_below_floor
2042,1048,1042,14.76,9.5,False,device_targeting_mismatch
2043,1047,1043,9.01,11.0,False,bid_below_floor
2044,1047,1044,10.34,12.5,False,bid_below_floor
2045,1045,1045,18.68,19.0,False,bid_below_floor
2046,1049,1046,14.34,14.0,True,
2047,1048,1047,11.74,17.0,False,bid_below_floor
2048,1048,1048,13.9,9.5,False,device_targeting_mismatch
2049,1048,1049,14.99,9.5,False,device_targeting_mismatch
2050,1049,1050,17.8,14.0,True,
2051,1047,1051,7.76,9.5,False,bid_below_floor
2052,1048,1052,13.41,17.0,False,bid_below_floor
2053,1046,1053,11.88,12.5,False,bid_below_floor
2054,1047,1054,8.88,11.0,False,bid_below_floor
2055,1048,1055,12.1,9.5,False,device_targeting_mismatch
2056,1046,1056,18.87,16.5,True,
2057,1045,1057,20.41,18.0,True,
2058,1049,1058,12.66,14.0,False,bid_below_floor
2059,1046,1059,15.12,15.5,False,bid_below_floor
2060,1045,1060,18.38,18.0,True,
2061,1046,1061,19.85,16.5,False,frequency_cap_exceeded
2062,1045,1062,19.58,16.5,False,targeting_mismatch
2063,1046,1063,17.93,16.5,True,
2064,1046,1064,20.47,16.5,False,frequency_cap_exceeded
2065,1048,1065,12.74,18.5,False,bid_below_floor
2066,1045,1066,18.7,16.5,False,targeting_mismatch
2067,1048,1067,12.44,17.0,False,bid_below_floor
2068,1047,1068,7.6,11.0,False,bid_below_floor
2069,1046,1069,14.29,12.5,True,
2070,1046,1070,17.15,15.5,False,frequency_cap_exceeded
2071,1047,1071,8.45,11.0,False,bid_below_floor
2072,1047,1072,11.07,11.0,True,
2073,1047,1073,10.07,12.5,False,bid_below_floor
2074,1049,1074,19.3,18.0,False,auction_lost
2075,1047,1075,9.75,9.5,False,auction_lost
2076,1045,1076,20.72,18.0,True,
2077,1045,1077,19.93,19.0,False,targeting_mismatch
2078,1049,1078,13.36,14.0,False,bid_below_floor
2079,1049,1079,15.43,16.5,False,bid_below_floor
2080,1048,1080,13.5,18.5,False,bid_below_floor
2081,1046,1081,12.3,12.5,False,bid_below_floor
2082,1045,1082,18.98,16.5,False,targeting_mismatch
2083,1045,1083,19.21,18.0,False,auction_lost
2084,1047,1084,8.35,11.0,False,bid_below_floor
2085,1048,1085,12.64,18.5,False,bid_below_floor
2086,1048,1086,14.29,9.5,False,device_targeting_mismatch
2087,1045,1087,20.33,15.5,False,targeting_mismatch
2088,1046,1088,17.67,15.5,False,frequency_cap_exceeded
2089,1045,1089,17.22,19.0,False,bid_below_floor
2090,1046,1090,16.41,16.5,False,bid_below_floor
2091,1046,1091,19.56,16.5,False,auction_lost
2092,1045,1092,18.65,18.0,True,
2093,1047,1093,8.78,9.5,False,bid_below_floor
2094,1048,1094,15.86,17.0,False,bid_below_floor
2095,1047,1095,9.29,9.5,False,bid_below_floor
2096,1046,1096,16.18,16.5,False,bid_below_floor
2097,1048,1097,15.96,9.5,False,device_targeting_mismatch
2098,1047,1098,10.9,12.5,False,bid_below_floor
2099,1048,1099,12.74,18.5,False,bid_below_floor
2100,1049,1100,15.11,16.5,False,bid_below_floor
2101,1050,1801,18.74,21.5,False,bid_below_floor
2102,1050,1802,18.83,21.5,False,bid_below_floor
2103,1050,1803,19.02,20.0,False,bid_below_floor
2104,1050,1804,20.83,21.5,False,bid_below_floor
2105,1050,1805,20.85,21.5,False,bid_below_floor
2106,1050,1806,19.91,21.5,False,bid_below_floor
2107,1050,1807,19.19,21.5,False,bid_below_floor
2108,1050,1808,19.46,21.5,False,bid_below_floor
2109,1050,1809,20.15,21.5,False,bid_below_floor
2110,1050,1810,18.27,20.0,False,bid_below_floor
2111,1050,1811,18.02,20.0,False,bid_below_floor
2112,1050,1812,18.49,20.0,False,bid_below_floor
2113,1050,1813,19.44,20.0,False,bid_below_floor
2114,1050,1814,18.97,21.5,False,bid_below_floor
2115,1050,1815,20.52,20.0,False,publisher_allocation_below_forecast
2116,1050,1816,19.67,21.5,False,bid_below_floor
2117,1050,1817,19.2,21.5,False,bid_below_floor
2118,1050,1818,19.05,20.0,False,bid_below_floor
2119,1050,1819,18.77,20.0,False,bid_below_floor
2120,1050,1820,20.82,21.5,False,bid_below_floor
2121,1050,1821,20.9,20.0,False,publisher_allocation_below_forecast
2122,1050,1822,17.53,21.5,False,bid_below_floor
2123,1050,1823,18.49,20.0,False,bid_below_floor
2124,1050,1824,20.48,20.0,False,auction_lost
2125,1050,1825,18.55,21.5,False,bid_below_floor
2126,1050,1826,19.27,20.0,False,bid_below_floor
2127,1050,1827,20.6,21.5,False,bid_below_floor
2128,1050,1828,19.09,20.0,False,bid_below_floor
2129,1050,1829,20.26,20.0,True,
2130,1050,1830,19.64,20.0,False,bid_below_floor
2131,1050,1831,17.97,21.5,False,bid_below_floor
2132,1050,1832,17.65,21.5,False,bid_below_floor
2133,1050,1833,19.09,21.5,False,bid_below_floor
2134,1050,1834,17.89,20.0,False,bid_below_floor
2135,1050,1835,17.61,20.0,False,bid_below_floor
2136,1050,1836,17.6,21.5,False,bid_below_floor
2137,1050,1837,19.82,20.0,False,bid_below_floor
2138,1050,1838,17.51,21.5,False,bid_below_floor
2139,1050,1839,19.62,21.5,False,bid_below_floor
2140,1050,1840,18.9,21.5,False,bid_below_floor
2141,1050,1841,19.79,20.0,False,bid_below_floor
2142,1050,1842,18.84,21.5,False,bid_below_floor
2143,1050,1843,18.2,20.0,False,bid_below_floor
2144,1050,1844,19.74,20.0,False,bid_below_floor
2145,1050,1845,20.05,21.5,False,bid_below_floor
2146,1050,1846,19.56,20.0,False,bid_below_floor
2147,1050,1847,20.58,21.5,False,bid_below_floor
2148,1050,1848,19.51,21.5,False,bid_below_floor
2149,1050,1849,17.76,21.5,False,bid_below_floor
2150,1050,1850,20.98,20.0,False,publisher_allocation_below_forecast
2151,1050,1851,19.76,21.5,False,bid_below_floor
2152,1050,1852,18.31,20.0,False,bid_below_floor
2153,1050,1853,19.41,20.0,False,bid_below_floor
2154,1050,1854,18.77,20.0,False,bid_below_floor
2155,1050,1855,20.02,21.5,False,bid_below_floor
2156,1050,1856,17.96,20.0,False,bid_below_floor
2157,1050,1857,20.87,20.0,False,publisher_allocation_below_forecast
2158,1050,1858,20.08,21.5,False,bid_below_floor
2159,1050,1859,18.13,21.5,False,bid_below_floor
2160,1050,1860,20.0,20.0,False,auction_lost
2161,1050,1861,20.48,21.5,False,bid_below_floor
2162,1050,1862,18.6,20.0,False,bid_below_floor
2163,1050,1863,19.36,20.0,False,bid_below_floor
2164,1050,1864,17.76,20.0,False,bid_below_floor
2165,1050,1865,18.89,21.5,False,bid_below_floor
2166,1050,1866,20.53,21.5,False,bid_below_floor
2167,1050,1867,20.33,21.5,False,bid_below_floor
2168,1050,1868,18.36,20.0,False,bid_below_floor
2169,1050,1869,20.15,21.5,False,bid_below_floor
2170,1050,1870,18.38,21.5,False,bid_below_floor
2171,1050,1871,20.95,21.5,False,bid_below_floor
2172,1050,1872,19.08,20.0,False,bid_below_floor
2173,1050,1873,17.54,20.0,False,bid_below_floor
2174,1050,1874,17.82,21.5,False,bid_below_floor
2175,1050,1875,18.26,20.0,False,bid_below_floor
2176,1050,1876,17.91,21.5,False,bid_below_floor
2177,1050,1877,19.68,21.5,False,bid_below_floor
2178,1050,1878,18.77,20.0,False,bid_below_floor
2179,1050,1879,19.38,20.0,False,bid_below_floor
2180,1050,1880,19.05,21.5,False,bid_below_floor
2181,1050,1881,20.76,20.0,False,publisher_allocation_below_forecast
2182,1050,1882,18.86,20.0,False,bid_below_floor
2183,1050,1883,18.55,21.5,False,bid_below_floor
2184,1050,1884,17.51,20.0,False,bid_below_floor
2185,1050,1885,18.35,20.0,False,bid_below_floor
2186,1050,1886,19.2,20.0,False,bid_below_floor
2187,1050,1887,18.29,20.0,False,bid_below_floor
2188,1050,1888,19.3,21.5,False,bid_below_floor
2189,1050,1889,18.65,21.5,False,bid_below_floor
2190,1050,1890,20.84,20.0,False,auction_lost
2191,1050,1891,19.54,21.5,False,bid_below_floor
2192,1050,1892,20.4,20.0,False,publisher_allocation_below_forecast
2193,1050,1893,19.65,21.5,False,bid_below_floor
2194,1050,1894,19.15,21.5,False,bid_below_floor
2195,1050,1895,19.42,21.5,False,bid_below_floor
2196,1050,1896,19.41,21.5,False,bid_below_floor
2197,1050,1897,17.59,20.0,False,bid_below_floor
2198,1050,1898,19.14,21.5,False,bid_below_floor
2199,1050,1899,19.27,20.0,False,bid_below_floor
2200,1050,1900,19.99,21.5,False,bid_below_floor
2201,1050,1901,19.22,21.5,False,bid_below_floor
2202,1050,1902,20.15,20.0,False,auction_lost
2203,1050,1903,20.31,20.0,False,publisher_allocation_below_forecast
2204,1050,1904,19.55,20.0,False,bid_below_floor
2205,1050,1905,20.36,20.0,True,
2206,1050,1906,20.98,20.0,False,publisher_allocation_below_forecast
2207,1050,1907,19.17,21.5,False,bid_below_floor
2208,1050,1908,20.22,21.5,False,bid_below_floor
2209,1050,1909,20.76,20.0,False,publisher_allocation_below_forecast
2210,1050,1910,20.14,20.0,True,
2211,1050,1911,20.31,21.5,False,bid_below_floor
2212,1050,1912,18.81,21.5,False,bid_below_floor
2213,1050,1913,19.11,20.0,False,bid_below_floor
2214,1050,1914,19.02,20.0,False,bid_below_floor
2215,1050,1915,19.69,20.0,False,bid_below_floor
2216,1050,1916,18.07,21.5,False,bid_below_floor
2217,1050,1917,20.51,20.0,False,publisher_allocation_below_forecast
2218,1050,1918,18.78,20.0,False,bid_below_floor
2219,1050,1919,19.8,21.5,False,bid_below_floor
2220,1050,1920,20.56,21.5,False,bid_below_floor
2221,1050,1921,21.0,20.0,False,publisher_allocation_below_forecast
2222,1050,1922,19.41,20.0,False,bid_below_floor
2223,1050,1923,18.05,20.0,False,bid_below_floor
2224,1050,1924,19.23,20.0,False,bid_below_floor
2225,1050,1925,20.94,20.0,True,
2226,1050,1926,19.57,20.0,False,bid_below_floor
2227,1050,1927,19.3,20.0,False,bid_below_floor
2228,1050,1928,18.33,21.5,False,bid_below_floor
2229,1050,1929,18.76,21.5,False,bid_below_floor
2230,1050,1930,18.13,21.5,False,bid_below_floor
2231,1050,1931,18.18,20.0,False,bid_below_floor
2232,1050,1932,20.23,20.0,False,publisher_allocation_below_forecast
2233,1050,1933,19.91,21.5,False,bid_below_floor
2234,1050,1934,19.96,20.0,False,bid_below_floor
2235,1050,1935,18.26,20.0,False,bid_below_floor
2236,1050,1936,18.34,21.5,False,bid_below_floor
2237,1050,1937,19.17,20.0,False,bid_below_floor
2238,1050,1938,20.07,21.5,False,bid_below_floor
2239,1050,1939,20.47,21.5,False,bid_below_floor
2240,1050,1940,18.88,20.0,False,bid_below_floor
2241,1050,1941,19.92,21.5,False,bid_below_floor
2242,1050,1942,17.99,20.0,False,bid_below_floor
2243,1050,1943,20.5,21.5,False,bid_below_floor
2244,1050,1944,20.11,20.0,False,publisher_allocation_below_forecast
2245,1050,1945,18.46,21.5,False,bid_below_floor
2246,1050,1946,19.35,20.0,False,bid_below_floor
2247,1050,1947,18.46,20.0,False,bid_below_floor
2248,1050,1948,19.05,20.0,False,bid_below_floor
2249,1050,1949,17.72,21.5,False,bid_below_floor
2250,1050,1950,18.24,20.0,False,bid_below_floor
2251,1050,1951,18.87,21.5,False,bid_below_floor
2252,1050,1952,17.8,20.0,False,bid_below_floor
2253,1050,1953,18.23,20.0,False,bid_below_floor
2254,1050,1954,17.98,20.0,False,bid_below_floor
2255,1050,1955,19.24,20.0,False,bid_below_floor
2256,1050,1956,19.17,20.0,False,bid_below_floor
2257,1050,1957,18.22,20.0,False,bid_below_floor
2258,1050,1958,19.64,20.0,False,bid_below_floor
2259,1050,1959,18.13,20.0,False,bid_below_floor
2260,1050,1960,18.55,20.0,False,bid_below_floor
2261,1050,1961,19.73,21.5,False,bid_below_floor
2262,1050,1962,20.26,21.5,False,bid_below_floor
2263,1050,1963,17.64,21.5,False,bid_below_floor
2264,1050,1964,17.8,21.5,False,bid_below_floor
2265,1050,1965,18.04,21.5,False,bid_below_floor
2266,1050,1966,19.72,20.0,False,bid_below_floor
2267,1050,1967,17.79,21.5,False,bid_below_floor
2268,1050,1968,20.55,21.5,False,bid_below_floor
2269,1050,1969,17.55,21.5,False,bid_below_floor
2270,1050,1970,20.93,21.5,False,bid_below_floor
2271,1050,1971,18.01,20.0,False,bid_below_floor
2272,1050,1972,21.0,20.0,False,publisher_allocation_below_forecast
2273,1050,1973,17.85,21.5,False,bid_below_floor
2274,1050,1974,18.18,20.0,False,bid_below_floor
2275,1050,1975,17.57,21.5,False,bid_below_floor
2276,1050,1976,17.52,21.5,False,bid_below_floor
2277,1050,1977,17.7,21.5,False,bid_below_floor
2278,1050,1978,20.6,21.5,False,bid_below_floor
2279,1050,1979,19.28,20.0,False,bid_below_floor
2280,1050,1980,19.63,20.0,False,bid_below_floor
2281,1050,1981,18.59,21.5,False,bid_below_floor
2282,1050,1982,19.06,20.0,False,bid_below_floor
2283,1050,1983,20.56,21.5,False,bid_below_floor
2284,1050,1984,20.69,20.0,True,
2285,1050,1985,18.36,21.5,False,bid_below_floor
2286,1050,1986,18.78,20.0,False,bid_below_floor
2287,1050,1987,18.86,21.5,False,bid_below_floor
2288,1050,1988,17.79,21.5,False,bid_below_floor
2289,1050,1989,18.09,21.5,False,bid_below_floor
2290,1050,1990,18.11,21.5,False,bid_below_floor
2291,1050,1991,18.63,20.0,False,bid_below_floor
2292,1050,1992,20.35,20.0,True,
2293,1050,1993,18.48,21.5,False,bid_below_floor
2294,1050,1994,18.91,21.5,False,bid_below_floor
2295,1050,1995,19.5,20.0,False,bid_below_floor
2296,1050,1996,17.74,21.5,False,bid_below_floor
2297,1050,1997,19.46,20.0,False,bid_below_floor
2298,1050,1998,19.2,20.0,False,bid_below_floor
2299,1050,1999,18.21,21.5,False,bid_below_floor
2300,1050,2000,20.8,20.0,False,publisher_allocation_below_forecast
2301,1050,2001,19.17,20.0,False,bid_below_floor
2302,1050,2002,20.03,21.5,False,bid_below_floor
2303,1050,2003,19.45,20.0,False,bid_below_floor
2304,1050,2004,18.95,20.0,False,bid_below_floor
2305,1050,2005,19.83,21.5,False,bid_below_floor
2306,1050,2006,20.19,21.5,False,bid_below_floor
2307,1050,2007,20.65,20.0,False,publisher_allocation_below_forecast
2308,1050,2008,20.27,21.5,False,bid_below_floor
2309,1050,2009,18.4,20.0,False,bid_below_floor
2310,1050,2010,20.02,21.5,False,bid_below_floor
2311,1050,2011,20.86,20.0,True,
2312,1050,2012,20.75,21.5,False,bid_below_floor
2313,1050,2013,18.24,21.5,False,bid_below_floor
2314,1050,2014,19.63,21.5,False,bid_below_floor
2315,1050,2015,20.6,21.5,False,bid_below_floor
2316,1050,2016,17.87,21.5,False,bid_below_floor
2317,1050,2017,20.99,20.0,False,publisher_allocation_below_forecast
2318,1050,2018,19.21,21.5,False,bid_below_floor
2319,1050,2019,19.24,21.5,False,bid_below_floor
2320,1050,2020,20.46,21.5,False,bid_below_floor
2321,1051,2021,14.05,16.0,False,bid_below_floor
2322,1051,2022,14.5,16.0,False,bid_below_floor
2323,1051,2023,16.0,16.0,False,weekend_inventory_concentration
2324,1051,2024,15.99,16.0,False,bid_below_floor
2325,1051,2025,14.74,16.0,False,bid_below_floor
2326,1051,2026,16.74,16.0,False,weekend_inventory_concentration
2327,1051,2027,16.75,16.0,False,weekend_inventory_concentration
2328,1051,2028,15.97,16.0,False,bid_below_floor
2329,1051,2029,13.53,16.0,False,bid_below_floor
2330,1051,2030,16.45,16.0,False,weekend_inventory_concentration
2331,1051,2031,15.52,16.0,False,bid_below_floor
2332,1051,2032,13.6,16.0,False,bid_below_floor
2333,1051,2033,16.25,16.0,False,weekend_inventory_concentration
2334,1051,2034,17.23,16.0,True,
2335,1051,2035,14.57,16.0,False,bid_below_floor
2336,1051,2036,17.3,16.0,True,
2337,1051,2037,14.83,16.0,False,bid_below_floor
2338,1051,2038,17.22,16.0,False,auction_lost
2339,1051,2039,14.23,16.0,False,bid_below_floor
2340,1051,2040,13.72,16.0,False,bid_below_floor
2341,1051,2041,14.89,16.0,False,bid_below_floor
2342,1051,2042,16.98,16.0,False,auction_lost
2343,1051,2043,16.27,16.0,True,
2344,1051,2044,13.83,16.0,False,bid_below_floor
2345,1051,2045,13.99,16.0,False,bid_below_floor
2346,1051,2046,16.38,16.0,False,weekend_inventory_concentration
2347,1051,2047,15.9,16.0,False,bid_below_floor
2348,1051,2048,13.54,16.0,False,bid_below_floor
2349,1051,2049,14.16,15.0,False,bid_below_floor
2350,1051,2050,14.24,16.0,False,bid_below_floor
2351,1051,2051,13.54,16.0,False,bid_below_floor
2352,1051,2052,13.96,16.0,False,bid_below_floor
2353,1051,2053,17.36,15.0,True,
2354,1051,2054,16.48,16.0,True,
2355,1051,2055,15.9,16.0,False,bid_below_floor
2356,1051,2056,16.46,16.0,False,weekend_inventory_concentration
2357,1051,2057,17.09,16.0,False,auction_lost
2358,1051,2058,14.0,16.0,False,bid_below_floor
2359,1051,2059,17.05,15.0,False,auction_lost
2360,1051,2060,14.61,15.0,False,bid_below_floor
2361,1051,2061,15.63,16.0,False,bid_below_floor
2362,1051,2062,14.64,15.0,False,bid_below_floor
2363,1051,2063,16.42,16.0,False,weekend_inventory_concentration
2364,1051,2064,17.19,16.0,True,
2365,1051,2065,16.3,16.0,False,auction_lost
2366,1051,2066,16.44,16.0,False,weekend_inventory_concentration
2367,1051,2067,14.82,15.0,False,bid_below_floor
2368,1051,2068,15.95,16.0,False,bid_below_floor
2369,1051,2069,13.69,15.0,False,bid_below_floor
2370,1051,2070,17.37,15.0,False,weekend_inventory_concentration
2371,1051,2071,16.38,15.0,False,weekend_inventory_concentration
2372,1051,2072,15.33,16.0,False,bid_below_floor
2373,1051,2073,14.1,15.0,False,bid_below_floor
2374,1051,2074,14.91,15.0,False,bid_below_floor
2375,1051,2075,14.32,16.0,False,bid_below_floor
2376,1051,2076,16.93,16.0,True,
2377,1051,2077,16.62,16.0,False,weekend_inventory_concentration
2378,1051,2078,16.96,15.0,False,weekend_inventory_concentration
2379,1051,2079,14.59,15.0,False,bid_below_floor
2380,1051,2080,14.76,16.0,False,bid_below_floor
2381,1051,2081,15.21,16.0,False,bid_below_floor
2382,1051,2082,14.76,16.0,False,bid_below_floor
2383,1051,2083,15.21,16.0,False,bid_below_floor
2384,1051,2084,14.87,15.0,False,bid_below_floor
2385,1051,2085,14.31,16.0,False,bid_below_floor
2386,1051,2086,14.37,16.0,False,bid_below_floor
2387,1051,2087,16.64,16.0,False,weekend_inventory_concentration
2388,1051,2088,13.78,16.0,False,bid_below_floor
2389,1051,2089,15.29,16.0,False,bid_below_floor
2390,1051,2090,13.68,16.0,False,bid_below_floor
2391,1051,2091,15.27,16.0,False,bid_below_floor
2392,1051,2092,16.84,15.0,True,
2393,1051,2093,16.68,16.0,True,
2394,1051,2094,13.61,16.0,False,bid_below_floor
2395,1051,2095,13.7,16.0,False,bid_below_floor
2396,1051,2096,14.66,15.0,False,bid_below_floor
2397,1051,2097,14.72,16.0,False,bid_below_floor
2398,1051,2098,16.72,16.0,False,weekend_inventory_concentration
2399,1051,2099,16.54,16.0,False,weekend_inventory_concentration
2400,1051,2100,14.18,16.0,False,bid_below_floor
2401,1051,2101,14.43,15.0,False,bid_below_floor
2402,1051,2102,16.44,16.0,False,weekend_inventory_concentration
2403,1051,2103,15.77,15.0,False,auction_lost
2404,1051,2104,14.44,15.0,False,bid_below_floor
2405,1051,2105,14.83,16.0,False,bid_below_floor
2406,1051,2106,16.89,16.0,True,
2407,1051,2107,17.38,16.0,False,weekend_inventory_concentration
2408,1051,2108,16.96,16.0,False,auction_lost
2409,1051,2109,16.34,15.0,False,auction_lost
2410,1051,2110,15.73,16.0,False,bid_below_floor
2411,1051,2111,14.24,16.0,False,bid_below_floor
2412,1051,2112,14.57,16.0,False,bid_below_floor
2413,1051,2113,15.77,16.0,False,bid_below_floor
2414,1051,2114,15.2,15.0,False,auction_lost
2415,1051,2115,14.55,15.0,False,bid_below_floor
2416,1051,2116,16.32,16.0,False,weekend_inventory_concentration
2417,1051,2117,15.39,16.0,False,bid_below_floor
2418,1051,2118,15.26,16.0,False,bid_below_floor
2419,1051,2119,15.46,15.0,False,weekend_inventory_concentration
2420,1051,2120,16.36,16.0,False,weekend_inventory_concentration
2421,1051,2121,14.02,16.0,False,bid_below_floor
2422,1051,2122,16.63,16.0,False,weekend_inventory_concentration
2423,1051,2123,15.21,16.0,False,bid_below_floor
2424,1051,2124,14.49,15.0,False,bid_below_floor
2425,1051,2125,16.89,15.0,False,weekend_inventory_concentration
2426,1051,2126,17.11,16.0,True,
2427,1051,2127,13.92,16.0,False,bid_below_floor
2428,1051,2128,15.82,16.0,False,bid_below_floor
2429,1051,2129,16.1,16.0,False,weekend_inventory_concentration
2430,1051,2130,17.36,15.0,False,weekend_inventory_concentration
2431,1051,2131,16.21,15.0,False,weekend_inventory_concentration
2432,1051,2132,15.71,16.0,False,bid_below_floor
2433,1051,2133,15.21,16.0,False,bid_below_floor
2434,1051,2134,17.0,16.0,True,
2435,1051,2135,15.07,16.0,False,bid_below_floor
2436,1051,2136,13.78,15.0,False,bid_below_floor
2437,1051,2137,17.19,16.0,True,
2438,1051,2138,14.75,16.0,False,bid_below_floor
2439,1051,2139,13.92,16.0,False,bid_below_floor
2440,1051,2140,16.56,15.0,False,weekend_inventory_concentration
2441,1051,2141,15.82,16.0,False,bid_below_floor
2442,1051,2142,16.43,15.0,False,weekend_inventory_concentration
2443,1051,2143,13.66,16.0,False,bid_below_floor
2444,1051,2144,14.71,16.0,False,bid_below_floor
2445,1051,2145,13.91,16.0,False,bid_below_floor
2446,1051,2146,15.31,16.0,False,bid_below_floor
2447,1051,2147,14.34,16.0,False,bid_below_floor
2448,1051,2148,13.57,16.0,False,bid_below_floor
2449,1051,2149,16.97,16.0,True,
2450,1051,2150,14.54,16.0,False,bid_below_floor
2451,1051,2151,16.42,16.0,False,auction_lost
2452,1051,2152,14.05,16.0,False,bid_below_floor
2453,1051,2153,15.87,16.0,False,bid_below_floor
2454,1051,2154,15.84,16.0,False,bid_below_floor
2455,1051,2155,14.47,15.0,False,bid_below_floor
2456,1051,2156,14.15,15.0,False,bid_below_floor
2457,1051,2157,15.53,16.0,False,bid_below_floor
2458,1051,2158,14.74,15.0,False,bid_below_floor
2459,1051,2159,15.54,16.0,False,bid_below_floor
2460,1051,2160,13.95,16.0,False,bid_below_floor
2461,1051,2161,16.71,16.0,False,weekend_inventory_concentration
2462,1051,2162,16.69,16.0,False,weekend_inventory_concentration
2463,1051,2163,17.23,16.0,False,weekend_inventory_concentration
2464,1051,2164,15.44,16.0,False,bid_below_floor
2465,1051,2165,16.07,15.0,True,
2466,1051,2166,13.85,16.0,False,bid_below_floor
2467,1051,2167,16.22,15.0,False,weekend_inventory_concentration
2468,1051,2168,17.32,16.0,True,
2469,1051,2169,15.86,16.0,False,bid_below_floor
2470,1051,2170,14.12,16.0,False,bid_below_floor
2471,1051,2171,16.7,16.0,False,weekend_inventory_concentration
2472,1051,2172,16.57,16.0,True,
2473,1051,2173,16.05,15.0,False,weekend_inventory_concentration
2474,1051,2174,14.04,16.0,False,bid_below_floor
2475,1051,2175,17.15,16.0,True,
2476,1051,2176,13.87,16.0,False,bid_below_floor
2477,1051,2177,16.83,15.0,False,weekend_inventory_concentration
2478,1051,2178,17.0,15.0,True,
2479,1051,2179,14.81,16.0,False,bid_below_floor
2480,1051,2180,16.59,15.0,False,auction_lost
2481,1051,2181,17.19,16.0,False,auction_lost
2482,1051,2182,17.07,16.0,False,weekend_inventory_concentration
2483,1051,2183,15.38,16.0,False,bid_below_floor
2484,1051,2184,15.64,16.0,False,bid_below_floor
2485,1051,2185,14.66,16.0,False,bid_below_floor
2486,1051,2186,14.3,16.0,False,bid_below_floor
2487,1051,2187,16.61,15.0,False,weekend_inventory_concentration
2488,1051,2188,15.21,15.0,False,weekend_inventory_concentration
2489,1051,2189,14.51,15.0,False,bid_below_floor
2490,1051,2190,16.41,16.0,True,
2491,1051,2191,14.28,16.0,False,bid_below_floor
2492,1051,2192,14.16,15.0,False,bid_below_floor
2493,1051,2193,14.78,16.0,False,bid_below_floor
2494,1051,2194,13.61,16.0,False,bid_below_floor
2495,1051,2195,13.52,16.0,False,bid_below_floor
2496,1051,2196,15.68,16.0,False,bid_below_floor
2497,1051,2197,16.25,16.0,False,weekend_inventory_concentration
2498,1051,2198,14.66,16.0,False,bid_below_floor
2499,1051,2199,16.32,16.0,True,
2500,1051,2200,16.89,16.0,False,weekend_inventory_concentration
2501,1051,2201,15.65,15.0,False,weekend_inventory_concentration
2502,1051,2202,16.1,16.0,False,weekend_inventory_concentration
2503,1051,2203,16.86,16.0,False,weekend_inventory_concentration
2504,1051,2204,14.46,16.0,False,bid_below_floor
2505,1051,2205,15.15,15.0,False,auction_lost
2506,1051,2206,14.41,16.0,False,bid_below_floor
2507,1051,2207,13.95,16.0,False,bid_below_floor
2508,1051,2208,14.34,16.0,False,bid_below_floor
2509,1051,2209,14.1,15.0,False,bid_below_floor
2510,1051,2210,14.82,16.0,False,bid_below_floor
2511,1051,2211,14.35,15.0,False,bid_below_floor
2512,1051,2212,16.52,15.0,False,weekend_inventory_concentration
2513,1051,2213,17.47,15.0,True,
2514,1051,2214,15.15,16.0,False,bid_below_floor
2515,1051,2215,16.34,16.0,True,
2516,1051,2216,14.04,15.0,False,bid_below_floor
2517,1051,2217,16.48,16.0,True,
2518,1051,2218,13.5,16.0,False,bid_below_floor
2519,1051,2219,15.66,16.0,False,bid_below_floor
2520,1051,2220,14.24,16.0,False,bid_below_floor
2521,1051,2221,14.14,16.0,False,bid_below_floor
2522,1051,2222,14.45,16.0,False,bid_below_floor
2523,1051,2223,14.35,16.0,False,bid_below_floor
2524,1051,2224,17.3,15.0,True,
2525,1051,2225,16.6,16.0,False,weekend_inventory_concentration
2526,1051,2226,17.01,15.0,False,weekend_inventory_concentration
2527,1051,2227,15.65,16.0,False,bid_below_floor
2528,1051,2228,14.16,16.0,False,bid_below_floor
2529,1051,2229,15.18,15.0,False,weekend_inventory_concentration
2530,1051,2230,14.89,16.0,False,bid_below_floor
2531,1051,2231,15.99,16.0,False,bid_below_floor
2532,1051,2232,13.9,15.0,False,bid_below_floor
2533,1051,2233,14.18,16.0,False,bid_below_floor
2534,1051,2234,14.32,16.0,False,bid_below_floor
2535,1051,2235,16.27,16.0,False,auction_lost
2536,1051,2236,16.14,16.0,True,
2537,1051,2237,15.6,16.0,False,bid_below_floor
2538,1051,2238,15.68,15.0,True,
2539,1051,2239,14.7,16.0,False,bid_below_floor
2540,1051,2240,13.8,15.0,False,bid_below_floor
